,Jun 1999,,Sep 1999,,Dec 1999,,Mar 2000,,Jun 2000,,Sep 2000,,Dec 2000,,Mar 2001,,Jun 2001,,Sep 2001,,Dec 2001,,Mar 2002,,Jun 2002,,Sep 2002,,Dec 2003,,Mar 2003,,Jun 2003,,Sep 2003,,Dec 2003,,Mar 2004,,Jun 2004,,Sep 2004,,Dec 2004,,Mar 2005,,Jun 2005,,Sep 2005,,Dec 2005,,Mar 2006,,Jun 2006,,Sep 2006,,Dec 2006,,Mar 2007,,Jun 2007,,Sep 2007,,Dec 2007,,Mar 2008,,Jun 2008,,Sep 2008,,Dec 2008,,Mar 2009,,Jun 2009,,Sep 2009,,Dec 2009,,Mar 2010,,Jun 2010,,Sep 2010,,Dec 2010,,Mar 2011,,Jun 2011,,Sep 2011,,Dec 2011,,Mar 2012,,Jun 2012,,Sep 2012,,Dec 2012,,Mar 2013,,Jun 2013,,Sep 2013,,Dec 2013,,Mar 2014,,Jun 2014,,Sep 2014,,Dec 2014,,Mar 2015,,Jun 2015,,Sep 2015,,Dec 2015,
,Count,Median,Count,Median,Count,Median,Count,Median,Count,Median,Count,Median,Count,Median,Count,Median,Count,Median,Count,Median,Count,Median,Count,Median,Count,Median,Count,Median,Count,Median,Count,Median,Count,Median,Count,Median,Count,Median,Count,Median,Count,Median,Count,Median,Count,Median,Count,Median,Count,Median,Count,Median,Count,Median,Count,Median,Count,Median,Count,Median,Count,Median,Count,Median,Count,Median,Count,Median,Count,Median,Count,Median,Count,Median,Count,Median,Count,Median,Count,Median,Count,Median,Count,Median,Count,Median,Count,Median,Count,Median,Count,Median,Count,Median,Count,Median,Count,Median,Count,Median,Count,Median,Count,Median,Count,Median,Count,Median,Count,Median,Count,Median,Count,Median,Count,Median,Count,Median,Count,Median,Count,Median,Count,Median,Count,Median,Count,Median,Count,Median,Count,Median,Count,Median
Colac-Otway,  16 ,$110,  12 ,$110,  10 ,$110,  20 ,$110,  18 ,$113,  12 ,$120,  12 ,$120,  15 ,$110,  22 ,$120,  16 ,$118,  12 ,$120,  17 ,$120,  7 ,$120,  16 ,$130,  18 ,$130,  21 ,$125,  20 ,$133,  15 ,$145,  13 ,$135,  17 ,$135,  12 ,$148,  14 ,$148,  17 ,$140,  19 ,$150,  17 ,$155,  20 ,$138,  8 ,$153,  13 ,$150,  14 ,$145,  18 ,$145,  17 ,$150,  19 ,$160,  12 ,$150,  16 ,$163,  17 ,$170,  20 ,$183,  22 ,$170,  22 ,$180,  18 ,$168,  25 ,$170,  14 ,$178,  20 ,$185,  21 ,$180,  21 ,$165,  20 ,$190,  17 ,$180,  18 ,$190,  21 ,$180,  25 ,$190,  16 ,$193,  13 ,$190,  20 ,$198,  23 ,$190,  13 ,$190,  24 ,$228,  19 ,$195,  17 ,$200,  33 ,$205,  19 ,$205,  21 ,$210,  17 ,$205,  21 ,$230,  27 ,$225,  19 ,$205,  16 ,$220,  27 ,$230,  19 ,$225
Corangamite, -,-, -,-, -,-,  6 ,$113,  5 ,$110,  6 ,$100, -,-,  9 ,$110, -,-,  7 ,$106,  7 ,$120,  8 ,$105, -,-,  9 ,$120,  8 ,$123,  6 ,$115,  9 ,$125,  9 ,$125,  6 ,$128,  6 ,$130, -,-,  8 ,$135,  11 ,$135,  6 ,$140,  13 ,$140,  10 ,$130, -,-,  5 ,$135,  8 ,$205,  7 ,$140,  10 ,$155,  12 ,$150,  6 ,$143,  5 ,$160, -,-,  14 ,$160,  6 ,$153,  9 ,$155,  8 ,$155,  6 ,$158,  11 ,$200,  7 ,$150,  10 ,$173,  10 ,$230, -,-,  9 ,$210,  6 ,$193, -,-,  9 ,$180,  8 ,$178,  9 ,$175,  14 ,$188,  9 ,$185,  8 ,$175, -,-,  8 ,$188,  7 ,$190,  5 ,$180,  7 ,$185,  8 ,$195, -,-,  6 ,$190,  7 ,$195,  10 ,$173,  5 ,$220,  9 ,$200, -,-
Glenelg,  20 ,$100,  23 ,$90,  20 ,$100,  35 ,$95,  26 ,$100,  34 ,$100,  26 ,$98,  29 ,$100,  21 ,$100,  27 ,$110,  13 ,$100,  36 ,$115,  26 ,$105,  31 ,$120,  30 ,$100,  37 ,$125,  16 ,$125,  18 ,$128,  24 ,$123,  25 ,$125,  21 ,$129,  21 ,$120,  14 ,$125,  21 ,$121,  16 ,$135,  15 ,$122,  17 ,$120,  15 ,$130,  14 ,$140,  13 ,$130,  17 ,$150,  19 ,$150,  20 ,$145,  17 ,$150,  23 ,$150,  21 ,$160,  22 ,$163,  17 ,$170,  20 ,$163,  22 ,$145,  18 ,$156,  25 ,$150,  16 ,$143,  28 ,$165,  15 ,$165,  17 ,$160,  27 ,$180,  27 ,$170,  18 ,$150,  31 ,$175,  18 ,$165,  18 ,$185,  17 ,$175,  19 ,$160,  12 ,$170,  20 ,$180,  24 ,$165,  24 ,$180,  17 ,$170,  22 ,$160,  17 ,$190,  16 ,$178,  25 ,$160,  25 ,$180,  20 ,$168,  26 ,$168,  14 ,$170
Greater Geelong,  372 ,$125,  343 ,$130,  381 ,$130,  408 ,$130,  332 ,$130,  360 ,$135,  345 ,$135,  384 ,$140,  307 ,$135,  320 ,$140,  291 ,$140,  364 ,$145,  274 ,$145,  301 ,$145,  270 ,$145,  359 ,$150,  283 ,$153,  296 ,$150,  301 ,$155,  337 ,$155,  238 ,$160,  324 ,$160,  294 ,$160,  322 ,$160,  294 ,$160,  291 ,$170,  263 ,$170,  275 ,$170,  197 ,$170,  206 ,$175,  211 ,$180,  229 ,$180,  211 ,$185,  222 ,$185,  286 ,$190,  343 ,$210,  302 ,$200,  268 ,$210,  268 ,$223,  307 ,$220,  303 ,$220,  288 ,$230,  275 ,$235,  339 ,$240,  257 ,$250,  307 ,$245,  286 ,$255,  352 ,$260,  285 ,$260,  285 ,$265,  316 ,$265,  411 ,$270,  304 ,$260,  324 ,$260,  344 ,$265,  462 ,$275,  362 ,$265,  352 ,$270,  354 ,$270,  463 ,$275,  360 ,$280,  362 ,$270,  349 ,$270,  424 ,$280,  378 ,$270,  361 ,$280,  363 ,$280
Moyne, -,-, -,-, -,-,  5 ,$110, -,-,  5 ,$140,  5 ,$135, -,-,  7 ,$140,  5 ,$135, -,-, -,-,  6 ,$150,  8 ,$170,  7 ,$160, -,-, -,-,  6 ,$153, -,-, -,-, -,-,  5 ,$140, -,-, -,-,  7 ,$170,  8 ,$160,  8 ,$188,  8 ,$180, -,-,  7 ,$180,  7 ,$190,  5 ,$185,  8 ,$185,  8 ,$180,  6 ,$183,  7 ,$200,  5 ,$170,  8 ,$195,  7 ,$165, -,-,  8 ,$208, -,-,  6 ,$220,  5 ,$240, -,-,  7 ,$225,  8 ,$225,  9 ,$260, -,-, -,-,  7 ,$215, -,-,  5 ,$250,  9 ,$220,  10 ,$240,  6 ,$240,  5 ,$220,  8 ,$180,  6 ,$250,  9 ,$230,  14 ,$240, -,-,  8 ,$255, -,-,  7 ,$250,  8 ,$260,  8 ,$260
Queenscliffe, -,-, -,-,  5 ,$150, -,-, -,-, -,-, -,-, -,-, -,-, -,-,  7 ,$145, -,-, -,-,  6 ,$140, -,-, -,-, -,-, -,-, -,-,  7 ,$185, -,-, -,-,  6 ,$163,  6 ,$173,  8 ,$175, -,-, -,-,  9 ,$180, -,-, -,-, -,-,  10 ,$230, -,-,  5 ,$195, -,-, -,-, -,-, -,-, -,-, -,-, -,-, -,-, -,-, -,-, -,-, -,-, -,-, -,-, -,-, -,-, -,-, -,-, -,-, -,-, -,-, -,-, -,-, -,-, -,-, -,-, -,-, -,-, -,-, -,-, -,-, -,-, -,-
Southern Grampians,  14 ,$100,  7 ,$100,  12 ,$88,  18 ,$100,  18 ,$100,  16 ,$95,  23 ,$85,  15 ,$95,  17 ,$95,  19 ,$110,  24 ,$100,  16 ,$100,  12 ,$103,  20 ,$108,  16 ,$98,  27 ,$110,  10 ,$123,  10 ,$100,  10 ,$103,  16 ,$120,  9 ,$120,  10 ,$123,  14 ,$140,  17 ,$180,  14 ,$170,  9 ,$140,  9 ,$140,  14 ,$180,  10 ,$198,  22 ,$155,  15 ,$170,  16 ,$166,  15 ,$150,  10 ,$185,  13 ,$180,  28 ,$160,  16 ,$145,  10 ,$165,  14 ,$155,  17 ,$180,  12 ,$200,  21 ,$160,  13 ,$160,  21 ,$190,  14 ,$175,  19 ,$180,  19 ,$195,  11 ,$170,  7 ,$160,  12 ,$185,  9 ,$220,  18 ,$195,  11 ,$250,  12 ,$200,  13 ,$200,  19 ,$210,  17 ,$170,  13 ,$220,  19 ,$210,  8 ,$203,  10 ,$173,  16 ,$220,  9 ,$175,  21 ,$190,  11 ,$170,  17 ,$185,  12 ,$198
Surf Coast,  28 ,$130,  29 ,$125,  24 ,$120,  29 ,$140,  26 ,$138,  23 ,$145,  23 ,$145,  22 ,$145,  23 ,$140,  30 ,$150,  16 ,$160,  29 ,$155,  27 ,$150,  34 ,$160,  21 ,$160,  18 ,$160,  21 ,$157,  20 ,$160,  22 ,$170,  22 ,$170,  23 ,$165,  19 ,$170,  28 ,$175,  22 ,$170,  15 ,$160,  25 ,$170,  14 ,$185,  24 ,$180,  19 ,$200,  20 ,$193,  19 ,$190,  22 ,$198,  26 ,$198,  24 ,$200,  18 ,$225,  25 ,$215,  28 ,$215,  20 ,$223,  26 ,$240,  24 ,$220,  18 ,$230,  20 ,$225,  16 ,$240,  26 ,$243,  25 ,$250,  29 ,$240,  17 ,$300,  21 ,$250,  20 ,$265,  34 ,$280,  15 ,$285,  28 ,$293,  20 ,$260,  17 ,$290,  15 ,$290,  17 ,$270,  23 ,$300,  25 ,$310,  12 ,$300,  18 ,$283,  19 ,$320,  26 ,$285,  25 ,$300,  27 ,$315,  20 ,$310,  19 ,$335,  17 ,$325
Warrnambool,  118 ,$115,  121 ,$115,  121 ,$115,  162 ,$115,  98 ,$120,  102 ,$120,  123 ,$120,  114 ,$125,  107 ,$130,  107 ,$125,  102 ,$130,  115 ,$135,  90 ,$140,  97 ,$140,  100 ,$140,  124 ,$140,  85 ,$140,  101 ,$140,  94 ,$143,  117 ,$155,  96 ,$150,  98 ,$160,  109 ,$155,  100 ,$150,  70 ,$160,  75 ,$165,  91 ,$160,  83 ,$155,  65 ,$170,  79 ,$180,  82 ,$180,  103 ,$170,  72 ,$180,  88 ,$180,  80 ,$180,  138 ,$180,  83 ,$185,  91 ,$180,  101 ,$190,  97 ,$190,  94 ,$200,  86 ,$193,  72 ,$220,  74 ,$220,  74 ,$208,  74 ,$220,  98 ,$235,  82 ,$233,  83 ,$220,  98 ,$233,  97 ,$240,  112 ,$225,  92 ,$230,  103 ,$230,  100 ,$224,  105 ,$230,  95 ,$220,  81 ,$230,  109 ,$225,  127 ,$230,  120 ,$230,  105 ,$235,  96 ,$230,  89 ,$240,  93 ,$240,  92 ,$220,  95 ,$235
Group Total,  576 ,$120,  544 ,$120,  580 ,$120,  687 ,$125,  526 ,$130,  560 ,$130,  565 ,$130,  595 ,$130,  510 ,$130,  534 ,$135,  475 ,$135,  593 ,$140,  446 ,$140,  522 ,$140,  473 ,$140,  600 ,$145,  451 ,$150,  477 ,$146,  473 ,$150,  550 ,$154,  408 ,$155,  499 ,$155,  496 ,$160,  517 ,$160,  454 ,$160,  455 ,$165,  416 ,$165,  446 ,$170,  334 ,$170,  373 ,$175,  380 ,$180,  435 ,$180,  371 ,$180,  395 ,$180,  451 ,$185,  599 ,$195,  484 ,$195,  447 ,$200,  463 ,$200,  503 ,$200,  479 ,$210,  471 ,$220,  431 ,$225,  527 ,$230,  414 ,$230,  481 ,$230,  482 ,$240,  529 ,$250,  450 ,$245,  490 ,$250,  486 ,$260,  627 ,$260,  481 ,$250,  508 ,$250,  524 ,$250,  657 ,$260,  552 ,$250,  545 ,$255,  545 ,$260,  677 ,$260,  559 ,$270,  558 ,$260,  548 ,$260,  622 ,$270,  550 ,$260,  560 ,$260,  535 ,$265
Ararat,  8 ,$100,  12 ,$93,  14 ,$95,  21 ,$95,  13 ,$95,  22 ,$95,  17 ,$95,  9 ,$100,  13 ,$100,  15 ,$100,  14 ,$105,  12 ,$100,  13 ,$110,  14 ,$110,  15 ,$110,  14 ,$110,  22 ,$113,  11 ,$110,  12 ,$115,  16 ,$113,  14 ,$113,  9 ,$115,  17 ,$115,  9 ,$125,  9 ,$135,  16 ,$125,  10 ,$130,  12 ,$130,  10 ,$128,  9 ,$120,  9 ,$140,  12 ,$128,  6 ,$130,  10 ,$145,  9 ,$135,  16 ,$140,  13 ,$150,  17 ,$160,  14 ,$140,  15 ,$150,  6 ,$140,  15 ,$170,  13 ,$165,  17 ,$160,  9 ,$160,  10 ,$155,  11 ,$160,  18 ,$160,  13 ,$225,  16 ,$170,  11 ,$200,  18 ,$195,  17 ,$180,  22 ,$190,  17 ,$200,  25 ,$190,  14 ,$220,  15 ,$220,  15 ,$190,  16 ,$208,  10 ,$210,  7 ,$230,  10 ,$220,  16 ,$193,  6 ,$213,  16 ,$230,  16 ,$228
Ballarat,  163 ,$125,  159 ,$125,  192 ,$130,  239 ,$125,  137 ,$130,  166 ,$130,  163 ,$130,  215 ,$130,  143 ,$135,  142 ,$135,  139 ,$140,  193 ,$140,  118 ,$140,  134 ,$140,  129 ,$145,  175 ,$145,  132 ,$143,  120 ,$150,  128 ,$145,  145 ,$150,  105 ,$150,  131 ,$150,  151 ,$155,  157 ,$155,  133 ,$155,  137 ,$150,  141 ,$160,  147 ,$156,  90 ,$160,  112 ,$160,  109 ,$165,  155 ,$165,  115 ,$165,  117 ,$160,  116 ,$173,  174 ,$170,  139 ,$175,  123 ,$175,  135 ,$180,  140 ,$180,  102 ,$183,  137 ,$180,  135 ,$190,  172 ,$198,  127 ,$192,  105 ,$200,  162 ,$210,  155 ,$210,  139 ,$220,  140 ,$220,  137 ,$220,  178 ,$220,  162 ,$220,  122 ,$215,  135 ,$225,  191 ,$225,  118 ,$225,  139 ,$220,  164 ,$230,  191 ,$225,  159 ,$230,  143 ,$225,  167 ,$235,  186 ,$225,  179 ,$230,  168 ,$230,  153 ,$230
Golden Plains, -,-, -,-, -,-, -,-, -,-, -,-, -,-, -,-, -,-, -,-, -,-, -,-, -,-, -,-, -,-, -,-, -,-, -,-, -,-, -,-, -,-, -,-, -,-, -,-,  5 ,$160, -,-, -,-, -,-, -,-, -,-, -,-, -,-, -,-, -,-, -,-, -,-, -,-, -,-, -,-, -,-, -,-, -,-, -,-, -,-, -,-, -,-, -,-, -,-,  5 ,$240, -,-, -,-, -,-, -,-, -,-, -,-,  6 ,$278,  9 ,$270, -,-,  7 ,$275,  7 ,$270, -,-, -,-, -,-,  8 ,$275, -,-, -,-, -,-
Hepburn, -,-,  7 ,$100, -,-,  7 ,$100, -,-, -,-, -,-, -,-, -,-, -,-, -,-, -,-, -,-, -,-, -,-, -,-,  5 ,$150, -,-, -,-,  7 ,$155, -,-,  7 ,$130, -,-, -,-, -,-, -,-,  5 ,$160, -,-, -,-, -,-, -,-, -,-,  5 ,$185, -,-,  7 ,$190,  8 ,$215, -,-,  7 ,$220,  11 ,$220,  9 ,$160, -,-,  7 ,$180,  6 ,$185,  6 ,$223,  7 ,$250, -,-,  8 ,$235,  6 ,$280,  7 ,$250,  6 ,$218,  14 ,$270,  7 ,$250,  5 ,$195, -,-,  5 ,$290,  7 ,$290,  7 ,$290, -,-,  6 ,$253, -,-,  11 ,$280,  11 ,$260,  8 ,$260,  6 ,$260,  10 ,$260,  10 ,$238,  10 ,$260
Hindmarsh, -,-, -,-, -,-, -,-, -,-, -,-, -,-, -,-, -,-, -,-, -,-, -,-, -,-, -,-, -,-, -,-, -,-, -,-, -,-, -,-, -,-, -,-, -,-, -,-, -,-, -,-, -,-, -,-, -,-, -,-, -,-, -,-, -,-, -,-, -,-, -,-, -,-, -,-, -,-, -,-, -,-, -,-, -,-, -,-, -,-, -,-, -,-, -,-, -,-, -,-, -,-, -,-, -,-, -,-, -,-, -,-, -,-, -,-, -,-, -,-, -,-, -,-, -,-, -,-, -,-, -,-, -,-
Horsham,  48 ,$103,  70 ,$105,  48 ,$113,  64 ,$100,  52 ,$105,  66 ,$115,  55 ,$120,  40 ,$110,  42 ,$108,  41 ,$120,  50 ,$123,  46 ,$120,  37 ,$115,  50 ,$125,  27 ,$120,  52 ,$125,  24 ,$130,  39 ,$130,  46 ,$128,  37 ,$135,  37 ,$135,  34 ,$133,  51 ,$135,  61 ,$140,  40 ,$138,  28 ,$140,  30 ,$150,  42 ,$143,  29 ,$145,  29 ,$150,  19 ,$145,  42 ,$145,  41 ,$140,  39 ,$150,  34 ,$140,  59 ,$145,  42 ,$140,  40 ,$158,  34 ,$153,  36 ,$160,  36 ,$160,  41 ,$155,  37 ,$160,  42 ,$173,  36 ,$168,  35 ,$160,  35 ,$180,  52 ,$170,  36 ,$170,  31 ,$175,  33 ,$170,  52 ,$180,  34 ,$178,  42 ,$180,  38 ,$180,  45 ,$190,  31 ,$220,  36 ,$190,  37 ,$180,  53 ,$195,  42 ,$203,  30 ,$220,  33 ,$210,  49 ,$220,  42 ,$200,  48 ,$215,  48 ,$215
Moorabool,  13 ,$125,  17 ,$125,  10 ,$130,  16 ,$125,  19 ,$125,  25 ,$125,  15 ,$125,  14 ,$125,  18 ,$130,  14 ,$130,  11 ,$125,  9 ,$140,  15 ,$135,  10 ,$125,  11 ,$135,  16 ,$138,  9 ,$140,  13 ,$145,  14 ,$150,  18 ,$140,  12 ,$149,  13 ,$150,  17 ,$160,  16 ,$155,  26 ,$148,  10 ,$150,  13 ,$160,  22 ,$153,  12 ,$148,  10 ,$153,  13 ,$150,  14 ,$160,  14 ,$160,  11 ,$160,  21 ,$160,  6 ,$178,  8 ,$173,  17 ,$175,  15 ,$175,  21 ,$180,  5 ,$190,  12 ,$193,  8 ,$183,  16 ,$198,  13 ,$200,  14 ,$203,  12 ,$218,  11 ,$200,  6 ,$217,  13 ,$215,  10 ,$205,  29 ,$225,  12 ,$220,  17 ,$245,  11 ,$220,  18 ,$230,  15 ,$220,  22 ,$225,  20 ,$220,  17 ,$220,  18 ,$223,  17 ,$240,  14 ,$230,  13 ,$230,  15 ,$250,  26 ,$240,  11 ,$260
Northern Grampians,  13 ,$95,  11 ,$95,  17 ,$95,  14 ,$95,  14 ,$98,  8 ,$90,  14 ,$100,  14 ,$100,  17 ,$95,  10 ,$98,  9 ,$100,  13 ,$95,  15 ,$100,  7 ,$110,  5 ,$100,  14 ,$110,  10 ,$100,  10 ,$100,  12 ,$100,  11 ,$100,  14 ,$103,  11 ,$100,  11 ,$100,  13 ,$105,  18 ,$100,  14 ,$113,  8 ,$118,  12 ,$110,  7 ,$110,  7 ,$100,  10 ,$103,  15 ,$105,  14 ,$115,  12 ,$115,  11 ,$110,  13 ,$110,  14 ,$105,  17 ,$110,  14 ,$100,  16 ,$113,  10 ,$113,  16 ,$120,  11 ,$120,  15 ,$130,  10 ,$120,  16 ,$125,  11 ,$130,  10 ,$134,  9 ,$125,  8 ,$138,  13 ,$140,  10 ,$130,  6 ,$145,  14 ,$148,  12 ,$147,  11 ,$155,  9 ,$150,  11 ,$140,  9 ,$155,  10 ,$150,  13 ,$150,  8 ,$150,  7 ,$160,  13 ,$150,  7 ,$160,  7 ,$150,  11 ,$155
Pyrenees, -,-, -,-, -,-, -,-, -,-, -,-, -,-, -,-, -,-, -,-, -,-, -,-, -,-, -,-, -,-, -,-, -,-, -,-, -,-, -,-, -,-, -,-, -,-, -,-, -,-, -,-, -,-, -,-, -,-, -,-, -,-, -,-, -,-, -,-, -,-, -,-, -,-, -,-, -,-, -,-, -,-, -,-, -,-, -,-, -,-, -,-, -,-, -,-, -,-, -,-, -,-, -,-, -,-, -,-, -,-, -,-, -,-, -,-, -,-, -,-, -,-, -,-, -,-, -,-, -,-, -,-, -,-
West Wimmera, -,-, -,-, -,-, -,-, -,-, -,-, -,-, -,-, -,-, -,-, -,-, -,-, -,-, -,-, -,-, -,-, -,-, -,-, -,-, -,-, -,-, -,-, -,-, -,-, -,-, -,-, -,-, -,-, -,-, -,-, -,-, -,-, -,-, -,-, -,-, -,-, -,-, -,-, -,-, -,-, -,-, -,-, -,-, -,-, -,-, -,-, -,-, -,-, -,-, -,-, -,-, -,-, -,-, -,-, -,-, -,-, -,-, -,-, -,-, -,-, -,-, -,-, -,-, -,-, -,-, -,-, -,-
Yarriambiack, -,-, -,-, -,-, -,-, -,-, -,-, -,-, -,-, -,-, -,-, -,-, -,-, -,-, -,-, -,-, -,-, -,-, -,-, -,-, -,-, -,-, -,-, -,-, -,-, -,-, -,-, -,-, -,-, -,-, -,-, -,-, -,-, -,-, -,-, -,-, -,-, -,-, -,-, -,-, -,-, -,-, -,-, -,-, -,-, -,-, -,-, -,-, -,-, -,-, -,-, -,-, -,-, -,-, -,-, -,-, -,-, -,-, -,-, -,-, -,-, -,-, -,-, -,-, -,-, -,-, -,-, -,-
Group Total,  248 ,$120,  281 ,$120,  285 ,$125,  365 ,$120,  242 ,$120,  292 ,$125,  269 ,$120,  300 ,$125,  241 ,$130,  225 ,$125,  234 ,$130,  278 ,$130,  205 ,$130,  220 ,$135,  195 ,$135,  281 ,$135,  204 ,$138,  199 ,$140,  218 ,$140,  237 ,$140,  189 ,$145,  209 ,$145,  253 ,$150,  265 ,$145,  236 ,$145,  213 ,$145,  213 ,$155,  244 ,$150,  153 ,$155,  176 ,$155,  165 ,$160,  248 ,$155,  203 ,$155,  196 ,$160,  204 ,$165,  282 ,$165,  223 ,$170,  222 ,$170,  228 ,$173,  242 ,$170,  166 ,$170,  234 ,$170,  215 ,$180,  274 ,$190,  209 ,$180,  190 ,$190,  243 ,$200,  259 ,$195,  218 ,$210,  224 ,$200,  222 ,$200,  305 ,$210,  245 ,$210,  226 ,$200,  226 ,$220,  308 ,$220,  205 ,$220,  232 ,$220,  258 ,$220,  301 ,$220,  263 ,$220,  226 ,$222,  250 ,$230,  293 ,$220,  268 ,$230,  283 ,$230,  255 ,$230
Buloke, -,-, -,-, -,-, -,-, -,-, -,-, -,-, -,-, -,-, -,-, -,-, -,-, -,-, -,-, -,-, -,-, -,-, -,-, -,-, -,-, -,-, -,-, -,-, -,-, -,-, -,-, -,-, -,-, -,-, -,-, -,-, -,-, -,-, -,-, -,-, -,-, -,-, -,-, -,-, -,-, -,-, -,-, -,-, -,-, -,-, -,-, -,-, -,-, -,-, -,-, -,-, -,-, -,-, -,-, -,-, -,-, -,-, -,-, -,-, -,-, -,-, -,-, -,-, -,-, -,-, -,-, -,-
Campaspe,  76 ,$125,  65 ,$130,  75 ,$125,  81 ,$135,  63 ,$130,  80 ,$130,  70 ,$128,  78 ,$130,  62 ,$125,  69 ,$130,  63 ,$125,  72 ,$148,  67 ,$140,  65 ,$150,  49 ,$140,  58 ,$140,  52 ,$150,  57 ,$145,  56 ,$145,  62 ,$148,  49 ,$150,  62 ,$148,  53 ,$165,  47 ,$150,  61 ,$155,  57 ,$150,  66 ,$168,  52 ,$140,  53 ,$160,  48 ,$170,  41 ,$160,  53 ,$160,  34 ,$165,  51 ,$170,  52 ,$170,  89 ,$170,  72 ,$170,  52 ,$180,  72 ,$178,  72 ,$180,  55 ,$180,  77 ,$175,  64 ,$180,  74 ,$180,  59 ,$185,  54 ,$180,  65 ,$190,  52 ,$190,  66 ,$190,  63 ,$190,  44 ,$185,  57 ,$190,  64 ,$188,  57 ,$200,  69 ,$190,  53 ,$200,  61 ,$190,  55 ,$200,  50 ,$198,  62 ,$210,  48 ,$215,  66 ,$210,  62 ,$220,  48 ,$210,  52 ,$210,  58 ,$220,  46 ,$225
Central Goldfields,  16 ,$110,  12 ,$113,  15 ,$110,  18 ,$115,  15 ,$105,  17 ,$115,  17 ,$115,  19 ,$115,  9 ,$115,  13 ,$100,  16 ,$120,  13 ,$120,  15 ,$120,  6 ,$125,  11 ,$120,  17 ,$125,  10 ,$130,  9 ,$115,  17 ,$130,  11 ,$135,  9 ,$120,  9 ,$140,  18 ,$133,  13 ,$135,  6 ,$115,  10 ,$135, -,-,  7 ,$135,  9 ,$130, -,-,  7 ,$135,  7 ,$140,  9 ,$165,  11 ,$150,  11 ,$155,  9 ,$150,  13 ,$165,  9 ,$140,  6 ,$160,  8 ,$148,  9 ,$155,  10 ,$143,  11 ,$145,  7 ,$180,  7 ,$160,  7 ,$180,  13 ,$170,  7 ,$185,  9 ,$180,  13 ,$155,  7 ,$195,  15 ,$190,  16 ,$195,  12 ,$195,  14 ,$195,  13 ,$200,  11 ,$200,  12 ,$180,  12 ,$215,  11 ,$200,  10 ,$195,  16 ,$195,  10 ,$175,  14 ,$193,  7 ,$200,  17 ,$200,  9 ,$215
Gannawarra,  7 ,$90,  7 ,$90,  5 ,$95,  8 ,$90, -,-,  6 ,$93,  6 ,$90,  9 ,$90,  6 ,$85,  8 ,$93,  5 ,$100,  5 ,$95,  9 ,$95,  7 ,$100, -,-,  9 ,$100,  6 ,$123, -,-,  6 ,$105, -,-,  5 ,$110,  5 ,$110, -,-, -,-, -,-,  8 ,$108,  6 ,$108,  7 ,$110, -,-,  6 ,$135, -,-, -,-, -,-, -,-,  8 ,$113, -,-, -,-,  7 ,$115, -,-,  11 ,$115,  8 ,$145, -,-,  7 ,$140,  5 ,$160,  11 ,$140,  8 ,$120,  6 ,$130, -,-, -,-, -,-, -,-,  6 ,$130,  7 ,$130,  7 ,$130, -,-,  8 ,$130,  5 ,$150, -,-,  6 ,$165,  6 ,$155,  9 ,$145,  10 ,$170,  7 ,$155,  6 ,$173,  6 ,$173,  5 ,$160, -,-
Greater Bendigo,  162 ,$120,  161 ,$125,  171 ,$125,  225 ,$120,  176 ,$125,  164 ,$128,  167 ,$130,  232 ,$125,  112 ,$130,  134 ,$135,  160 ,$130,  184 ,$135,  113 ,$135,  153 ,$140,  138 ,$140,  189 ,$140,  134 ,$148,  146 ,$150,  151 ,$145,  170 ,$150,  115 ,$160,  135 ,$160,  165 ,$155,  165 ,$160,  117 ,$155,  154 ,$160,  151 ,$160,  164 ,$163,  119 ,$160,  109 ,$165,  111 ,$165,  168 ,$170,  108 ,$165,  103 ,$170,  133 ,$180,  251 ,$180,  138 ,$175,  155 ,$175,  162 ,$180,  197 ,$180,  144 ,$185,  136 ,$185,  156 ,$195,  170 ,$200,  148 ,$210,  144 ,$200,  151 ,$210,  173 ,$210,  127 ,$220,  145 ,$225,  145 ,$230,  174 ,$230,  135 ,$230,  150 ,$230,  158 ,$238,  181 ,$230,  159 ,$225,  149 ,$245,  171 ,$240,  219 ,$235,  198 ,$240,  181 ,$240,  193 ,$230,  182 ,$240,  170 ,$240,  206 ,$230,  164 ,$240
Loddon, -,-, -,-, -,-, -,-, -,-, -,-, -,-, -,-, -,-, -,-, -,-, -,-, -,-, -,-, -,-, -,-, -,-, -,-, -,-, -,-, -,-, -,-, -,-, -,-, -,-, -,-, -,-, -,-, -,-, -,-, -,-, -,-, -,-, -,-, -,-, -,-, -,-, -,-, -,-, -,-, -,-, -,-, -,-, -,-, -,-, -,-, -,-, -,-, -,-, -,-, -,-, -,-, -,-, -,-, -,-, -,-, -,-, -,-, -,-, -,-, -,-, -,-, -,-, -,-, -,-, -,-, -,-
Macedon Ranges,  22 ,$130,  26 ,$123,  17 ,$125,  21 ,$125,  19 ,$140,  17 ,$140,  13 ,$130,  26 ,$120,  23 ,$130,  10 ,$143,  17 ,$140,  22 ,$140,  16 ,$135,  20 ,$153,  17 ,$150,  22 ,$153,  18 ,$155,  17 ,$145,  25 ,$160,  20 ,$150,  20 ,$150,  17 ,$150,  29 ,$165,  26 ,$155,  17 ,$165,  26 ,$173,  19 ,$160,  24 ,$150,  18 ,$178,  24 ,$160,  16 ,$178,  30 ,$185,  18 ,$189,  25 ,$188,  25 ,$180,  33 ,$188,  21 ,$185,  20 ,$213,  28 ,$200,  23 ,$220,  20 ,$216,  19 ,$220,  21 ,$220,  25 ,$220,  20 ,$243,  27 ,$230,  26 ,$235,  13 ,$220,  16 ,$260,  15 ,$250,  15 ,$250,  25 ,$270,  14 ,$283,  17 ,$280,  30 ,$263,  22 ,$285,  16 ,$250,  19 ,$260,  21 ,$280,  12 ,$317,  28 ,$298,  16 ,$280,  22 ,$270,  28 ,$300,  29 ,$285,  23 ,$285,  22 ,$295
Mildura,  108 ,$120,  114 ,$120,  121 ,$120,  138 ,$128,  113 ,$120,  113 ,$125,  109 ,$120,  121 ,$125,  108 ,$125,  105 ,$125,  113 ,$125,  116 ,$133,  108 ,$135,  89 ,$130,  101 ,$130,  92 ,$140,  111 ,$140,  112 ,$140,  100 ,$140,  128 ,$135,  81 ,$135,  100 ,$135,  92 ,$140,  106 ,$145,  92 ,$145,  87 ,$145,  81 ,$145,  88 ,$148,  88 ,$145,  76 ,$150,  81 ,$140,  85 ,$150,  74 ,$150,  69 ,$150,  80 ,$150,  107 ,$155,  87 ,$150,  98 ,$150,  95 ,$150,  125 ,$155,  110 ,$150,  98 ,$160,  78 ,$160,  124 ,$155,  76 ,$168,  101 ,$160,  101 ,$160,  98 ,$165,  89 ,$170,  80 ,$175,  92 ,$178,  99 ,$170,  104 ,$175,  100 ,$170,  92 ,$180,  87 ,$180,  104 ,$180,  84 ,$180,  91 ,$180,  96 ,$190,  91 ,$190,  87 ,$190,  98 ,$190,  73 ,$200,  89 ,$190,  99 ,$195,  86 ,$193
Mount Alexander,  6 ,$113,  12 ,$120,  16 ,$123,  17 ,$120,  10 ,$125,  15 ,$120,  11 ,$125,  11 ,$140,  16 ,$125,  12 ,$133,  7 ,$125,  12 ,$133,  7 ,$130,  9 ,$135,  11 ,$150,  17 ,$135,  10 ,$148,  10 ,$143,  11 ,$130,  14 ,$155,  5 ,$170,  10 ,$160,  9 ,$160,  10 ,$168,  10 ,$150,  12 ,$150,  6 ,$170,  5 ,$165,  17 ,$160,  10 ,$180,  5 ,$190,  14 ,$165,  9 ,$200,  8 ,$185,  10 ,$195,  12 ,$180,  14 ,$185,  8 ,$195,  15 ,$185,  6 ,$185,  11 ,$200,  8 ,$195,  7 ,$200,  16 ,$203,  13 ,$210,  14 ,$218,  8 ,$223,  15 ,$210,  7 ,$245,  7 ,$250,  10 ,$250,  18 ,$230,  9 ,$245,  10 ,$240,  8 ,$240,  5 ,$260,  7 ,$250,  5 ,$250,  6 ,$275,  10 ,$243,  11 ,$250, -,-,  9 ,$240,  15 ,$280,  15 ,$260,  8 ,$268, -,-
Swan Hill,  25 ,$125,  37 ,$120,  41 ,$100,  51 ,$130,  26 ,$143,  30 ,$128,  34 ,$125,  30 ,$130,  29 ,$130,  29 ,$125,  31 ,$145,  28 ,$135,  37 ,$135,  21 ,$130,  35 ,$145,  27 ,$140,  32 ,$143,  29 ,$145,  27 ,$145,  28 ,$145,  26 ,$150,  28 ,$145,  27 ,$155,  40 ,$145,  29 ,$155,  33 ,$170,  26 ,$150,  31 ,$155,  29 ,$160,  36 ,$158,  26 ,$160,  23 ,$190,  33 ,$165,  22 ,$163,  31 ,$160,  35 ,$185,  41 ,$190,  28 ,$170,  29 ,$180,  53 ,$190,  29 ,$190,  24 ,$190,  26 ,$183,  40 ,$200,  31 ,$190,  26 ,$195,  37 ,$190,  36 ,$190,  38 ,$195,  29 ,$185,  29 ,$195,  42 ,$195,  33 ,$200,  28 ,$190,  29 ,$195,  29 ,$195,  33 ,$210,  34 ,$195,  31 ,$220,  34 ,$200,  24 ,$195,  24 ,$205,  25 ,$220,  36 ,$215,  35 ,$215,  18 ,$223,  26 ,$210
Group Total,  423 ,$120,  437 ,$120,  461 ,$120,  559 ,$125,  427 ,$125,  442 ,$125,  428 ,$125,  526 ,$125,  366 ,$125,  380 ,$130,  413 ,$130,  453 ,$135,  373 ,$135,  372 ,$135,  363 ,$140,  431 ,$140,  374 ,$145,  381 ,$145,  393 ,$140,  437 ,$145,  311 ,$150,  367 ,$145,  398 ,$150,  413 ,$150,  334 ,$150,  387 ,$155,  359 ,$160,  381 ,$155,  339 ,$155,  314 ,$160,  290 ,$155,  384 ,$165,  287 ,$160,  294 ,$165,  351 ,$165,  539 ,$170,  388 ,$170,  377 ,$170,  413 ,$170,  497 ,$170,  387 ,$175,  373 ,$175,  370 ,$180,  462 ,$180,  365 ,$190,  386 ,$185,  409 ,$190,  399 ,$190,  355 ,$195,  356 ,$200,  346 ,$200,  437 ,$208,  385 ,$200,  381 ,$200,  404 ,$200,  400 ,$210,  396 ,$210,  362 ,$210,  392 ,$220,  453 ,$220,  419 ,$220,  405 ,$219,  427 ,$220,  403 ,$225,  404 ,$220,  436 ,$220,  363 ,$225
Alpine,  20 ,$105,  13 ,$125,  20 ,$115,  21 ,$125,  18 ,$113,  21 ,$115,  21 ,$120,  14 ,$120,  23 ,$120,  14 ,$125,  16 ,$125,  19 ,$120,  17 ,$120,  12 ,$130,  19 ,$120,  15 ,$130,  16 ,$125,  14 ,$125,  19 ,$135,  21 ,$140,  23 ,$130,  16 ,$130,  17 ,$134,  22 ,$138,  14 ,$143,  16 ,$143,  15 ,$140,  11 ,$150,  19 ,$160,  12 ,$160,  12 ,$160,  18 ,$160,  22 ,$150,  17 ,$150,  16 ,$150,  20 ,$158,  8 ,$150,  18 ,$165,  22 ,$158,  8 ,$158,  20 ,$150,  16 ,$173,  19 ,$175,  13 ,$175,  19 ,$170,  14 ,$170,  22 ,$173,  14 ,$180,  20 ,$175,  18 ,$178,  19 ,$175,  19 ,$170,  18 ,$180,  11 ,$180,  23 ,$190,  8 ,$185,  17 ,$185,  11 ,$175,  18 ,$185,  17 ,$185,  15 ,$190,  16 ,$195,  16 ,$190,  17 ,$200,  12 ,$190,  12 ,$225,  21 ,$200
Benalla,  28 ,$120,  19 ,$105,  29 ,$120,  46 ,$100,  23 ,$115,  26 ,$110,  22 ,$123,  31 ,$110,  31 ,$120,  29 ,$120,  25 ,$130,  16 ,$128,  20 ,$130,  22 ,$140,  21 ,$145,  28 ,$138,  21 ,$140,  20 ,$130,  14 ,$153,  22 ,$140,  17 ,$150,  21 ,$150,  18 ,$160,  25 ,$155,  20 ,$160,  18 ,$150,  15 ,$170,  27 ,$160,  15 ,$170,  15 ,$155,  12 ,$160,  18 ,$160,  17 ,$160,  13 ,$180,  25 ,$150,  19 ,$170,  25 ,$160,  19 ,$155,  15 ,$160,  23 ,$170,  24 ,$170,  20 ,$160,  21 ,$170,  24 ,$178,  20 ,$188,  24 ,$183,  18 ,$180,  32 ,$180,  23 ,$200,  24 ,$195,  25 ,$180,  32 ,$195,  24 ,$178,  20 ,$180,  22 ,$190,  35 ,$180,  36 ,$180,  23 ,$180,  34 ,$200,  24 ,$180,  28 ,$190,  26 ,$173,  26 ,$185,  21 ,$180,  29 ,$195,  27 ,$180,  28 ,$185
Greater Shepparton,  148 ,$125,  151 ,$120,  161 ,$125,  186 ,$125,  145 ,$130,  149 ,$125,  143 ,$130,  151 ,$130,  137 ,$135,  151 ,$135,  153 ,$140,  166 ,$140,  155 ,$145,  140 ,$140,  150 ,$145,  136 ,$150,  137 ,$145,  135 ,$145,  128 ,$150,  129 ,$150,  133 ,$155,  146 ,$150,  142 ,$150,  122 ,$155,  109 ,$160,  135 ,$150,  82 ,$150,  122 ,$160,  96 ,$160,  108 ,$158,  93 ,$160,  101 ,$160,  102 ,$165,  119 ,$165,  111 ,$165,  146 ,$165,  130 ,$165,  115 ,$165,  113 ,$175,  145 ,$175,  112 ,$175,  128 ,$170,  117 ,$180,  117 ,$180,  101 ,$180,  106 ,$190,  103 ,$190,  110 ,$190,  115 ,$195,  129 ,$200,  121 ,$200,  125 ,$200,  117 ,$195,  117 ,$190,  105 ,$190,  126 ,$200,  113 ,$195,  99 ,$190,  112 ,$208,  128 ,$200,  114 ,$210,  116 ,$210,  93 ,$210,  112 ,$210,  111 ,$210,  118 ,$205,  95 ,$215
Indigo,  23 ,$105,  7 ,$115,  21 ,$110,  16 ,$105,  14 ,$120,  18 ,$105,  21 ,$120,  16 ,$118,  15 ,$110,  11 ,$110,  13 ,$110,  18 ,$115,  16 ,$113,  11 ,$120,  11 ,$110,  11 ,$130,  23 ,$120,  16 ,$138,  16 ,$130,  12 ,$138,  10 ,$143,  16 ,$128,  11 ,$130,  12 ,$128,  13 ,$150,  7 ,$145,  8 ,$140,  10 ,$143,  6 ,$150,  9 ,$160,  7 ,$130,  11 ,$145,  10 ,$153, -,-,  10 ,$123,  12 ,$149,  7 ,$150,  9 ,$165, -,-,  7 ,$145,  11 ,$175,  10 ,$165,  8 ,$178,  14 ,$180,  9 ,$130,  7 ,$180,  7 ,$190, -,-,  7 ,$185,  13 ,$155,  8 ,$190,  10 ,$188,  11 ,$175,  11 ,$190,  13 ,$165,  10 ,$198,  9 ,$175,  9 ,$180,  7 ,$185,  15 ,$190,  12 ,$185,  10 ,$215,  11 ,$220,  14 ,$220,  8 ,$185,  7 ,$205,  8 ,$190
Mansfield,  8 ,$115, -,-, -,-, -,-,  6 ,$105, -,-,  5 ,$115, -,-,  6 ,$115,  7 ,$115,  9 ,$115,  5 ,$125,  8 ,$123,  5 ,$125, -,-,  10 ,$135,  7 ,$140, -,-,  8 ,$133,  9 ,$165,  9 ,$150,  6 ,$145,  5 ,$150,  7 ,$145,  11 ,$140, -,-,  5 ,$160, -,-, -,-, -,-, -,-,  7 ,$145,  9 ,$215,  5 ,$160,  7 ,$185,  11 ,$165,  13 ,$220,  6 ,$215,  9 ,$180,  9 ,$160,  12 ,$223,  5 ,$200,  5 ,$160,  9 ,$170,  5 ,$200,  5 ,$200,  6 ,$185,  5 ,$200,  9 ,$210,  6 ,$188,  7 ,$220,  8 ,$250,  8 ,$180,  6 ,$200,  12 ,$195,  5 ,$250,  8 ,$220, -,-,  5 ,$200,  8 ,$223,  6 ,$248,  8 ,$235,  6 ,$245,  8 ,$218,  10 ,$253,  5 ,$285,  13 ,$210
Mitchell,  26 ,$103,  23 ,$120,  29 ,$120,  41 ,$120,  19 ,$120,  25 ,$130,  25 ,$120,  31 ,$125,  31 ,$125,  23 ,$130,  31 ,$125,  28 ,$128,  16 ,$113,  18 ,$133,  14 ,$145,  23 ,$135,  22 ,$135,  30 ,$140,  30 ,$143,  38 ,$133,  18 ,$150,  31 ,$145,  25 ,$150,  33 ,$150,  28 ,$135,  24 ,$155,  36 ,$150,  33 ,$160,  19 ,$155,  26 ,$160,  23 ,$155,  39 ,$155,  20 ,$158,  15 ,$160,  29 ,$165,  34 ,$180,  20 ,$170,  27 ,$200,  28 ,$173,  23 ,$195,  21 ,$200,  16 ,$193,  26 ,$210,  22 ,$215,  22 ,$180,  30 ,$223,  25 ,$230,  24 ,$240,  27 ,$240,  32 ,$235,  24 ,$225,  34 ,$250,  18 ,$255,  42 ,$210,  18 ,$208,  28 ,$240,  22 ,$243,  27 ,$230,  24 ,$220,  29 ,$220,  25 ,$225,  32 ,$243,  26 ,$230,  32 ,$245,  28 ,$235,  27 ,$250,  25 ,$260
Moira,  39 ,$120,  60 ,$115,  63 ,$110,  71 ,$115,  40 ,$125,  51 ,$115,  61 ,$115,  65 ,$115,  45 ,$120,  47 ,$110,  44 ,$120,  47 ,$120,  44 ,$123,  34 ,$123,  36 ,$135,  42 ,$130,  39 ,$125,  53 ,$130,  45 ,$140,  47 ,$130,  42 ,$135,  49 ,$140,  30 ,$138,  57 ,$140,  29 ,$140,  33 ,$145,  44 ,$148,  48 ,$143,  28 ,$144,  38 ,$150,  40 ,$149,  60 ,$150,  45 ,$145,  41 ,$150,  46 ,$150,  46 ,$160,  40 ,$160,  49 ,$160,  57 ,$160,  51 ,$150,  57 ,$165,  39 ,$170,  58 ,$170,  39 ,$170,  40 ,$170,  39 ,$170,  47 ,$180,  38 ,$180,  33 ,$170,  39 ,$180,  40 ,$183,  57 ,$180,  58 ,$190,  45 ,$185,  42 ,$185,  41 ,$190,  45 ,$180,  41 ,$200,  46 ,$200,  44 ,$198,  57 ,$200,  55 ,$200,  46 ,$193,  36 ,$213,  65 ,$195,  54 ,$220,  50 ,$200
Murrindindi,  8 ,$105,  9 ,$100,  6 ,$110,  10 ,$100,  13 ,$110,  8 ,$95,  6 ,$110,  15 ,$100, -,-,  8 ,$108,  10 ,$116, -,-,  7 ,$125,  13 ,$100,  5 ,$115,  11 ,$100,  14 ,$113,  5 ,$120,  7 ,$120,  11 ,$130,  9 ,$120,  8 ,$133,  11 ,$140,  8 ,$128,  6 ,$125,  14 ,$133,  6 ,$133, -,-,  6 ,$150, -,-,  5 ,$150,  8 ,$138,  5 ,$130,  7 ,$150, -,-,  12 ,$153, -,-,  8 ,$163,  6 ,$138,  8 ,$155,  7 ,$170,  8 ,$210,  5 ,$165,  10 ,$153,  8 ,$188,  8 ,$188,  13 ,$154,  9 ,$180,  9 ,$185,  9 ,$200, -,-,  15 ,$170,  5 ,$200,  10 ,$185,  9 ,$195,  7 ,$200,  8 ,$190,  10 ,$198,  5 ,$190,  9 ,$190,  8 ,$223,  6 ,$183,  6 ,$198,  10 ,$250,  6 ,$220,  7 ,$195, -,-
Strathbogie,  14 ,$100,  13 ,$100,  11 ,$95,  11 ,$100,  8 ,$95,  14 ,$105,  7 ,$95,  7 ,$95,  14 ,$104,  8 ,$100, -,-,  9 ,$100,  7 ,$100,  10 ,$123, -,-, -,-,  6 ,$130,  8 ,$110,  7 ,$135,  6 ,$113, -,-,  8 ,$123,  6 ,$115,  7 ,$115,  5 ,$160,  6 ,$120,  6 ,$160,  11 ,$135,  6 ,$120, -,-, -,-,  9 ,$150,  8 ,$165,  6 ,$135,  6 ,$168,  9 ,$145, -,-, -,-,  6 ,$168, -,-, -,-, -,-,  8 ,$165,  6 ,$168, -,-,  5 ,$210,  5 ,$220,  8 ,$180,  8 ,$200,  7 ,$230, -,-,  7 ,$180,  6 ,$183,  6 ,$195,  5 ,$220,  9 ,$230,  7 ,$190,  5 ,$185,  8 ,$185,  10 ,$210, -,-,  7 ,$220,  10 ,$245,  7 ,$200,  7 ,$230,  10 ,$220, -,-
Towong, -,-, -,-, -,-, -,-, -,-, -,-, -,-, -,-, -,-, -,-, -,-, -,-, -,-, -,-, -,-, -,-, -,-, -,-, -,-, -,-, -,-, -,-, -,-, -,-, -,-, -,-, -,-, -,-, -,-, -,-, -,-, -,-, -,-, -,-, -,-, -,-, -,-, -,-, -,-, -,-, -,-, -,-, -,-, -,-, -,-, -,-, -,-, -,-, -,-, -,-, -,-, -,-, -,-, -,-, -,-, -,-, -,-, -,-, -,-, -,-, -,-, -,-, -,-, -,-, -,-, -,-, -,-
Wangaratta,  68 ,$115,  57 ,$115,  47 ,$115,  63 ,$115,  55 ,$110,  43 ,$115,  46 ,$118,  59 ,$120,  40 ,$110,  56 ,$115,  53 ,$120,  65 ,$120,  49 ,$120,  46 ,$120,  34 ,$120,  63 ,$120,  52 ,$120,  53 ,$130,  52 ,$125,  60 ,$125,  44 ,$130,  45 ,$130,  50 ,$135,  52 ,$130,  38 ,$140,  41 ,$135,  39 ,$145,  42 ,$153,  33 ,$140,  26 ,$140,  40 ,$150,  42 ,$143,  35 ,$165,  40 ,$145,  38 ,$150,  53 ,$150,  36 ,$155,  49 ,$160,  31 ,$160,  50 ,$155,  36 ,$158,  43 ,$165,  38 ,$168,  41 ,$165,  47 ,$170,  38 ,$173,  44 ,$170,  49 ,$165,  37 ,$175,  44 ,$170,  33 ,$175,  49 ,$180,  37 ,$185,  40 ,$178,  30 ,$180,  38 ,$185,  35 ,$180,  41 ,$195,  22 ,$183,  50 ,$200,  39 ,$210,  51 ,$195,  25 ,$195,  40 ,$208,  46 ,$200,  39 ,$195,  36 ,$193
Wodonga,  131 ,$130,  131 ,$130,  123 ,$130,  191 ,$130,  108 ,$130,  130 ,$135,  116 ,$135,  180 ,$133,  107 ,$135,  123 ,$135,  114 ,$135,  144 ,$140,  86 ,$140,  108 ,$140,  92 ,$140,  115 ,$140,  89 ,$150,  88 ,$145,  98 ,$150,  115 ,$150,  89 ,$155,  83 ,$155,  77 ,$160,  100 ,$155,  88 ,$165,  82 ,$160,  64 ,$163,  77 ,$160,  59 ,$170,  57 ,$175,  57 ,$170,  90 ,$175,  67 ,$175,  61 ,$175,  83 ,$180,  117 ,$175,  92 ,$175,  82 ,$180,  88 ,$180,  106 ,$188,  110 ,$185,  91 ,$190,  77 ,$190,  105 ,$185,  95 ,$190,  90 ,$190,  80 ,$195,  95 ,$195,  100 ,$195,  86 ,$195,  97 ,$195,  95 ,$200,  96 ,$200,  99 ,$210,  89 ,$200,  114 ,$200,  94 ,$210,  84 ,$200,  93 ,$210,  92 ,$215,  94 ,$220,  96 ,$215,  94 ,$220,  90 ,$210,  75 ,$220,  91 ,$220,  72 ,$210
Group Total,  514 ,$120,  486 ,$120,  513 ,$120,  661 ,$120,  450 ,$120,  489 ,$125,  473 ,$125,  574 ,$125,  456 ,$125,  479 ,$125,  472 ,$130,  521 ,$130,  428 ,$130,  421 ,$135,  388 ,$135,  460 ,$135,  429 ,$140,  425 ,$140,  425 ,$140,  474 ,$140,  397 ,$145,  432 ,$145,  393 ,$150,  447 ,$150,  362 ,$150,  382 ,$150,  323 ,$150,  388 ,$155,  295 ,$160,  303 ,$160,  297 ,$160,  405 ,$160,  342 ,$160,  330 ,$160,  378 ,$160,  482 ,$165,  380 ,$165,  385 ,$170,  380 ,$170,  434 ,$175,  415 ,$175,  379 ,$175,  383 ,$180,  401 ,$180,  371 ,$180,  368 ,$185,  371 ,$180,  391 ,$185,  388 ,$190,  407 ,$190,  383 ,$190,  452 ,$195,  399 ,$194,  408 ,$195,  369 ,$190,  423 ,$200,  396 ,$195,  355 ,$195,  376 ,$200,  427 ,$200,  402 ,$210,  425 ,$210,  360 ,$210,  389 ,$210,  398 ,$210,  400 ,$215,  355 ,$210
Bass Coast,  13 ,$100,  13 ,$110,  9 ,$110,  18 ,$113,  12 ,$110,  17 ,$100, -,-,  9 ,$115,  12 ,$123,  12 ,$110,  8 ,$128,  10 ,$123,  9 ,$125,  11 ,$130,  12 ,$123,  10 ,$160,  8 ,$130,  13 ,$140,  8 ,$143,  10 ,$140,  8 ,$135,  12 ,$150,  12 ,$143,  14 ,$155,  8 ,$150,  10 ,$163,  11 ,$150,  16 ,$180,  15 ,$165,  15 ,$160,  19 ,$180,  17 ,$180,  13 ,$185,  24 ,$178,  19 ,$190,  16 ,$198,  13 ,$200,  17 ,$200,  18 ,$145,  13 ,$205,  10 ,$208,  24 ,$198,  23 ,$225,  26 ,$290,  19 ,$300,  23 ,$400,  33 ,$280,  37 ,$285,  39 ,$330,  24 ,$300,  23 ,$310,  41 ,$280,  36 ,$260,  39 ,$220,  34 ,$240,  35 ,$230,  33 ,$250,  29 ,$230,  28 ,$230,  31 ,$250,  41 ,$245,  23 ,$240,  28 ,$250,  24 ,$235,  29 ,$240,  34 ,$230,  32 ,$230
Baw Baw,  50 ,$115,  37 ,$125,  48 ,$115,  45 ,$115,  39 ,$118,  51 ,$115,  40 ,$110,  48 ,$113,  40 ,$120,  26 ,$128,  22 ,$125,  37 ,$130,  33 ,$130,  31 ,$125,  29 ,$130,  26 ,$128,  31 ,$135,  23 ,$140,  24 ,$145,  32 ,$143,  25 ,$135,  38 ,$125,  29 ,$140,  37 ,$150,  24 ,$150,  27 ,$140,  23 ,$135,  43 ,$160,  26 ,$153,  31 ,$145,  41 ,$150,  37 ,$175,  41 ,$160,  20 ,$153,  41 ,$150,  40 ,$170,  38 ,$170,  27 ,$170,  39 ,$180,  42 ,$170,  33 ,$190,  36 ,$178,  27 ,$175,  44 ,$200,  30 ,$190,  37 ,$205,  35 ,$210,  38 ,$210,  31 ,$220,  36 ,$220,  34 ,$210,  46 ,$220,  50 ,$220,  44 ,$220,  35 ,$220,  36 ,$215,  43 ,$230,  50 ,$225,  34 ,$230,  41 ,$230,  41 ,$220,  54 ,$228,  46 ,$240,  36 ,$228,  49 ,$235,  51 ,$245,  58 ,$250
East Gippsland,  64 ,$110,  53 ,$110,  61 ,$110,  56 ,$110,  53 ,$100,  58 ,$115,  53 ,$115,  63 ,$110,  60 ,$115,  59 ,$120,  54 ,$120,  63 ,$120,  54 ,$120,  57 ,$125,  48 ,$120,  44 ,$130,  47 ,$130,  67 ,$125,  41 ,$135,  50 ,$132,  42 ,$138,  49 ,$145,  40 ,$150,  39 ,$140,  41 ,$140,  63 ,$160,  45 ,$145,  52 ,$156,  51 ,$150,  51 ,$155,  37 ,$160,  29 ,$165,  39 ,$150,  47 ,$150,  61 ,$160,  46 ,$165,  47 ,$160,  55 ,$165,  57 ,$170,  49 ,$170,  61 ,$170,  65 ,$170,  39 ,$165,  47 ,$185,  40 ,$180,  57 ,$190,  48 ,$183,  42 ,$190,  43 ,$200,  40 ,$195,  40 ,$200,  55 ,$200,  45 ,$200,  63 ,$210,  51 ,$200,  56 ,$197,  57 ,$210,  52 ,$200,  55 ,$210,  56 ,$220,  55 ,$220,  56 ,$220,  52 ,$220,  63 ,$230,  57 ,$220,  43 ,$215,  54 ,$225
Latrobe,  148 ,$100,  139 ,$95,  128 ,$100,  178 ,$100,  138 ,$90,  163 ,$95,  142 ,$100,  161 ,$100,  147 ,$95,  164 ,$95,  141 ,$95,  153 ,$105,  160 ,$100,  122 ,$113,  121 ,$110,  131 ,$115,  129 ,$110,  143 ,$120,  122 ,$110,  129 ,$120,  114 ,$115,  121 ,$120,  123 ,$120,  144 ,$115,  122 ,$120,  116 ,$120,  108 ,$120,  127 ,$125,  98 ,$118,  97 ,$120,  101 ,$130,  135 ,$130,  107 ,$125,  92 ,$130,  95 ,$140,  124 ,$135,  118 ,$130,  113 ,$140,  110 ,$125,  117 ,$140,  102 ,$148,  92 ,$150,  117 ,$160,  131 ,$150,  94 ,$160,  95 ,$160,  104 ,$150,  104 ,$160,  107 ,$175,  102 ,$155,  105 ,$160,  103 ,$155,  125 ,$160,  125 ,$175,  94 ,$160,  128 ,$175,  99 ,$175,  98 ,$163,  114 ,$165,  110 ,$180,  107 ,$180,  80 ,$180,  116 ,$183,  111 ,$190,  100 ,$175,  116 ,$180,  110 ,$193
South Gippsland,  17 ,$105,  11 ,$110,  17 ,$110,  18 ,$110,  12 ,$110,  8 ,$110,  12 ,$115,  12 ,$110,  15 ,$110,  11 ,$110,  13 ,$120,  10 ,$118,  9 ,$115,  9 ,$130,  13 ,$120,  18 ,$130,  13 ,$120,  15 ,$130,  16 ,$140,  7 ,$140,  13 ,$135,  8 ,$153,  14 ,$148,  19 ,$170,  11 ,$135,  17 ,$140,  12 ,$158,  16 ,$155,  16 ,$161,  14 ,$168,  14 ,$180,  13 ,$180,  19 ,$175,  14 ,$160,  18 ,$185,  11 ,$175,  13 ,$150,  22 ,$190,  16 ,$180,  9 ,$170,  19 ,$200,  16 ,$205,  19 ,$210,  26 ,$195,  11 ,$200,  12 ,$215,  18 ,$220,  8 ,$195,  15 ,$220,  21 ,$210,  21 ,$230,  20 ,$218,  18 ,$220,  21 ,$220,  19 ,$220,  24 ,$213,  11 ,$210,  16 ,$208,  15 ,$230,  33 ,$225,  23 ,$235,  17 ,$220,  23 ,$230,  21 ,$230,  22 ,$238,  17 ,$240,  32 ,$240
Wellington,  40 ,$105,  63 ,$105,  47 ,$110,  63 ,$100,  55 ,$100,  54 ,$110,  40 ,$100,  54 ,$105,  53 ,$105,  49 ,$110,  49 ,$110,  65 ,$115,  53 ,$110,  40 ,$120,  41 ,$120,  33 ,$120,  36 ,$120,  44 ,$125,  43 ,$125,  42 ,$130,  38 ,$123,  38 ,$125,  46 ,$130,  45 ,$130,  36 ,$130,  45 ,$130,  35 ,$135,  41 ,$140,  42 ,$140,  32 ,$140,  43 ,$150,  44 ,$150,  38 ,$138,  39 ,$145,  49 ,$150,  48 ,$150,  63 ,$150,  55 ,$155,  49 ,$170,  67 ,$160,  47 ,$175,  55 ,$175,  38 ,$180,  60 ,$180,  41 ,$180,  52 ,$183,  52 ,$185,  63 ,$180,  48 ,$200,  48 ,$198,  39 ,$190,  51 ,$200,  45 ,$190,  41 ,$190,  56 ,$190,  49 ,$220,  49 ,$201,  33 ,$210,  45 ,$220,  52 ,$210,  48 ,$218,  39 ,$211,  45 ,$210,  43 ,$240,  57 ,$230,  53 ,$250,  32 ,$220
Group Total,  332 ,$105,  316 ,$100,  310 ,$105,  378 ,$105,  309 ,$100,  351 ,$110,  290 ,$110,  347 ,$110,  327 ,$110,  321 ,$110,  287 ,$110,  338 ,$110,  318 ,$110,  270 ,$120,  264 ,$118,  262 ,$125,  264 ,$120,  305 ,$125,  254 ,$125,  270 ,$130,  240 ,$125,  266 ,$130,  264 ,$130,  298 ,$130,  242 ,$135,  278 ,$135,  234 ,$135,  295 ,$140,  248 ,$140,  240 ,$140,  255 ,$140,  275 ,$145,  257 ,$140,  236 ,$145,  283 ,$150,  285 ,$150,  292 ,$150,  289 ,$160,  289 ,$160,  297 ,$160,  272 ,$170,  288 ,$170,  263 ,$170,  334 ,$180,  235 ,$175,  276 ,$182,  290 ,$185,  292 ,$185,  283 ,$200,  271 ,$190,  262 ,$190,  316 ,$200,  319 ,$195,  333 ,$195,  289 ,$190,  328 ,$200,  292 ,$200,  278 ,$200,  291 ,$200,  323 ,$210,  315 ,$220,  269 ,$210,  310 ,$215,  298 ,$220,  314 ,$220,  314 ,$220,  318 ,$220
Banyule,  205 ,$165,  183 ,$165,  219 ,$170,  246 ,$170,  189 ,$170,  195 ,$175,  205 ,$175,  243 ,$180,  210 ,$180,  217 ,$185,  180 ,$180,  238 ,$190,  179 ,$190,  181 ,$190,  152 ,$190,  201 ,$195,  171 ,$190,  165 ,$200,  168 ,$195,  190 ,$195,  127 ,$200,  168 ,$200,  139 ,$200,  173 ,$210,  147 ,$210,  148 ,$203,  142 ,$210,  183 ,$210,  167 ,$225,  140 ,$220,  122 ,$230,  154 ,$238,  126 ,$240,  138 ,$250,  173 ,$260,  222 ,$270,  163 ,$280,  149 ,$280,  189 ,$300,  231 ,$290,  195 ,$300,  176 ,$300,  224 ,$295,  243 ,$310,  239 ,$310,  231 ,$320,  217 ,$310,  255 ,$325,  181 ,$320,  293 ,$330,  204 ,$320,  298 ,$330,  243 ,$321,  244 ,$325,  245 ,$320,  321 ,$320,  245 ,$325,  248 ,$330,  266 ,$330,  375 ,$330,  294 ,$335,  293 ,$330,  315 ,$340,  347 ,$340,  284 ,$340,  339 ,$350,  284 ,$330
Brimbank,  146 ,$125,  154 ,$130,  162 ,$125,  180 ,$130,  138 ,$135,  159 ,$135,  156 ,$128,  170 ,$130,  160 ,$130,  155 ,$135,  141 ,$130,  145 ,$140,  150 ,$140,  153 ,$145,  155 ,$135,  166 ,$140,  149 ,$140,  130 ,$140,  133 ,$140,  154 ,$145,  129 ,$150,  140 ,$145,  127 ,$150,  152 ,$140,  144 ,$155,  142 ,$150,  122 ,$150,  126 ,$155,  102 ,$168,  104 ,$160,  92 ,$160,  145 ,$165,  89 ,$175,  105 ,$170,  99 ,$180,  144 ,$200,  96 ,$195,  108 ,$200,  120 ,$210,  116 ,$220,  105 ,$225,  121 ,$230,  118 ,$220,  120 ,$250,  125 ,$245,  143 ,$250,  142 ,$250,  115 ,$250,  165 ,$260,  159 ,$265,  151 ,$250,  184 ,$260,  163 ,$260,  167 ,$260,  201 ,$260,  202 ,$260,  174 ,$260,  163 ,$260,  147 ,$270,  169 ,$265,  164 ,$279,  178 ,$278,  183 ,$280,  213 ,$290,  198 ,$280,  225 ,$280,  197 ,$290
Darebin,  363 ,$145,  366 ,$145,  368 ,$150,  444 ,$150,  326 ,$155,  370 ,$150,  319 ,$155,  423 ,$160,  325 ,$165,  295 ,$170,  292 ,$165,  383 ,$170,  300 ,$170,  336 ,$170,  264 ,$170,  386 ,$175,  268 ,$173,  311 ,$180,  263 ,$180,  406 ,$185,  251 ,$180,  320 ,$183,  349 ,$185,  381 ,$190,  276 ,$190,  375 ,$190,  264 ,$190,  345 ,$200,  245 ,$210,  293 ,$200,  283 ,$220,  340 ,$230,  277 ,$230,  263 ,$250,  311 ,$250,  360 ,$270,  270 ,$280,  318 ,$280,  310 ,$280,  385 ,$301,  263 ,$295,  316 ,$290,  359 ,$300,  411 ,$310,  307 ,$310,  355 ,$310,  413 ,$320,  444 ,$320,  352 ,$320,  419 ,$320,  411 ,$330,  637 ,$340,  404 ,$320,  451 ,$330,  512 ,$330,  575 ,$340,  464 ,$340,  425 ,$330,  498 ,$340,  604 ,$340,  479 ,$340,  493 ,$340,  488 ,$340,  619 ,$350,  499 ,$350,  479 ,$360,  566 ,$350
Hobsons Bay,  200 ,$150,  236 ,$155,  185 ,$150,  206 ,$158,  196 ,$160,  211 ,$165,  197 ,$165,  208 ,$165,  189 ,$165,  202 ,$165,  149 ,$170,  168 ,$170,  189 ,$170,  180 ,$170,  154 ,$175,  167 ,$175,  169 ,$175,  152 ,$178,  175 ,$170,  186 ,$180,  115 ,$180,  176 ,$180,  142 ,$180,  130 ,$180,  174 ,$180,  155 ,$180,  137 ,$180,  136 ,$185,  73 ,$185,  127 ,$190,  90 ,$200,  134 ,$210,  128 ,$208,  139 ,$220,  117 ,$220,  149 ,$240,  124 ,$240,  137 ,$250,  140 ,$250,  148 ,$260,  147 ,$260,  139 ,$250,  146 ,$260,  164 ,$270,  162 ,$275,  170 ,$278,  155 ,$280,  160 ,$280,  153 ,$280,  155 ,$280,  171 ,$280,  200 ,$280,  161 ,$285,  195 ,$290,  160 ,$290,  210 ,$285,  205 ,$290,  244 ,$300,  195 ,$300,  221 ,$300,  202 ,$310,  202 ,$300,  194 ,$310,  229 ,$310,  194 ,$310,  190 ,$315,  178 ,$320
Hume,  95 ,$150,  91 ,$150,  87 ,$150,  113 ,$160,  85 ,$160,  97 ,$160,  95 ,$160,  114 ,$160,  78 ,$165,  97 ,$165,  73 ,$165,  85 ,$165,  104 ,$167,  83 ,$170,  71 ,$165,  72 ,$170,  87 ,$175,  106 ,$180,  64 ,$180,  88 ,$175,  67 ,$170,  81 ,$180,  70 ,$180,  90 ,$175,  80 ,$180,  74 ,$180,  73 ,$180,  70 ,$180,  79 ,$185,  81 ,$185,  65 ,$190,  77 ,$190,  58 ,$200,  67 ,$210,  80 ,$210,  80 ,$210,  80 ,$228,  65 ,$220,  69 ,$230,  68 ,$240,  72 ,$250,  75 ,$250,  82 ,$260,  70 ,$250,  84 ,$280,  78 ,$270,  71 ,$270,  83 ,$270,  88 ,$273,  93 ,$285,  85 ,$290,  116 ,$280,  104 ,$290,  115 ,$280,  109 ,$280,  170 ,$283,  142 ,$290,  97 ,$290,  123 ,$295,  132 ,$300,  150 ,$300,  139 ,$300,  151 ,$300,  179 ,$300,  151 ,$300,  163 ,$300,  115 ,$300
Maribyrnong,  175 ,$120,  164 ,$125,  160 ,$130,  193 ,$130,  139 ,$130,  178 ,$130,  162 ,$130,  188 ,$130,  147 ,$135,  147 ,$135,  113 ,$140,  161 ,$145,  136 ,$145,  127 ,$150,  131 ,$150,  188 ,$150,  153 ,$155,  156 ,$153,  140 ,$160,  176 ,$160,  138 ,$175,  145 ,$160,  166 ,$165,  165 ,$165,  148 ,$160,  159 ,$180,  128 ,$175,  147 ,$175,  118 ,$190,  135 ,$185,  129 ,$195,  176 ,$198,  161 ,$240,  141 ,$227,  145 ,$230,  213 ,$245,  148 ,$270,  167 ,$250,  170 ,$280,  220 ,$295,  170 ,$295,  187 ,$295,  201 ,$280,  233 ,$300,  249 ,$300,  246 ,$295,  213 ,$295,  298 ,$300,  248 ,$320,  296 ,$320,  287 ,$320,  336 ,$321,  288 ,$320,  303 ,$320,  319 ,$320,  420 ,$325,  365 ,$340,  354 ,$330,  301 ,$340,  427 ,$330,  376 ,$330,  407 ,$336,  441 ,$335,  431 ,$340,  358 ,$330,  388 ,$340,  360 ,$340
Melbourne,  429 ,$285,  493 ,$280,  436 ,$298,  755 ,$300,  446 ,$300,  521 ,$310,  418 ,$310,  848 ,$325,  552 ,$330,  630 ,$330,  545 ,$320,  928 ,$325,  528 ,$340,  614 ,$330,  702 ,$330,"  1,045 ",$325,  612 ,$330,  721 ,$340,  687 ,$340,"  1,208 ",$340,  630 ,$340,  827 ,$340,  643 ,$340,"  1,399 ",$350,  826 ,$350,  873 ,$350,  754 ,$350,"  1,193 ",$355,  787 ,$369,  813 ,$370,  718 ,$370,"  1,160 ",$390,  742 ,$410,  780 ,$420,  821 ,$420,"  1,273 ",$435,  943 ,$460,  965 ,$450,  805 ,$460,"  1,330 ",$460,  896 ,$480,"  1,129 ",$470,  972 ,$480,"  1,683 ",$475,  951 ,$485,"  1,254 ",$490,"  1,122 ",$490,"  1,916 ",$490,  947 ,$510,"  1,188 ",$500,"  1,254 ",$500,"  2,052 ",$509,"  1,236 ",$510,"  1,530 ",$500,"  1,511 ",$500,"  2,594 ",$500,"  1,507 ",$510,"  1,607 ",$500,"  1,517 ",$500,"  3,053 ",$500,"  1,513 ",$520,"  2,016 ",$520,"  1,830 ",$500,"  3,286 ",$515,"  1,991 ",$515,"  2,278 ",$525,"  1,854 ",$513
Melton,  25 ,$135,  28 ,$128,  35 ,$130,  21 ,$135,  31 ,$135,  31 ,$135,  22 ,$140,  26 ,$135,  25 ,$135,  24 ,$135,  19 ,$145,  32 ,$140,  19 ,$140,  20 ,$150,  20 ,$150,  22 ,$145,  28 ,$155,  28 ,$155,  34 ,$155,  20 ,$148,  29 ,$155,  28 ,$150,  28 ,$155,  30 ,$155,  20 ,$155,  37 ,$160,  27 ,$170,  31 ,$160,  20 ,$150,  27 ,$175,  25 ,$175,  27 ,$190,  30 ,$175,  31 ,$175,  33 ,$180,  33 ,$180,  28 ,$198,  37 ,$190,  38 ,$185,  33 ,$180,  24 ,$198,  29 ,$195,  26 ,$195,  36 ,$211,  24 ,$233,  32 ,$208,  41 ,$230,  39 ,$230,  36 ,$220,  26 ,$225,  43 ,$230,  46 ,$250,  48 ,$230,  51 ,$240,  26 ,$238,  47 ,$230,  35 ,$250,  47 ,$255,  38 ,$250,  57 ,$270,  49 ,$250,  69 ,$250,  62 ,$280,  67 ,$290,  51 ,$270,  56 ,$283,  55 ,$270
Moonee Valley,  227 ,$160,  237 ,$155,  244 ,$155,  294 ,$160,  229 ,$160,  236 ,$163,  211 ,$165,  289 ,$170,  244 ,$175,  200 ,$175,  224 ,$175,  244 ,$180,  213 ,$185,  245 ,$180,  215 ,$180,  268 ,$180,  240 ,$185,  243 ,$185,  223 ,$195,  254 ,$190,  172 ,$195,  190 ,$185,  171 ,$195,  251 ,$195,  176 ,$200,  185 ,$200,  180 ,$210,  207 ,$210,  118 ,$218,  166 ,$213,  151 ,$210,  169 ,$245,  162 ,$250,  147 ,$250,  234 ,$253,  253 ,$275,  238 ,$300,  238 ,$285,  219 ,$300,  223 ,$295,  201 ,$300,  202 ,$300,  227 ,$315,  263 ,$320,  239 ,$320,  301 ,$330,  327 ,$340,  350 ,$340,  255 ,$335,  290 ,$347,  270 ,$340,  434 ,$350,  311 ,$350,  461 ,$350,  392 ,$350,  427 ,$350,  321 ,$350,  325 ,$350,  355 ,$350,  454 ,$350,  350 ,$345,  379 ,$350,  367 ,$360,  492 ,$365,  373 ,$350,  403 ,$350,  422 ,$365
Moreland,  352 ,$141,  382 ,$150,  402 ,$150,  442 ,$150,  337 ,$155,  347 ,$155,  334 ,$153,  386 ,$160,  305 ,$165,  309 ,$161,  350 ,$175,  445 ,$173,  289 ,$170,  325 ,$170,  317 ,$175,  452 ,$180,  322 ,$180,  344 ,$180,  338 ,$177,  457 ,$185,  298 ,$183,  386 ,$180,  359 ,$190,  457 ,$195,  350 ,$190,  366 ,$190,  310 ,$200,  369 ,$200,  254 ,$200,  272 ,$210,  269 ,$210,  330 ,$225,  277 ,$230,  254 ,$240,  317 ,$250,  398 ,$260,  315 ,$285,  353 ,$280,  324 ,$280,  354 ,$300,  359 ,$300,  392 ,$300,  459 ,$300,  488 ,$310,  410 ,$320,  453 ,$330,  451 ,$320,  602 ,$330,  413 ,$330,  521 ,$340,  529 ,$330,  753 ,$350,  601 ,$350,  657 ,$340,  598 ,$330,  736 ,$346,  635 ,$340,  613 ,$340,  648 ,$350,  802 ,$350,  672 ,$350,  794 ,$350,  761 ,$350,  832 ,$351,  647 ,$350,  760 ,$355,  782 ,$360
Nillumbik,  23 ,$185,  20 ,$185,  25 ,$185,  31 ,$185,  18 ,$180,  23 ,$185,  24 ,$180,  21 ,$200,  26 ,$200,  24 ,$188,  22 ,$190,  24 ,$198,  21 ,$205,  15 ,$190,  20 ,$195,  28 ,$200,  17 ,$200,  16 ,$200,  21 ,$200,  21 ,$216,  15 ,$200,  13 ,$200,  24 ,$210,  11 ,$210,  14 ,$218,  16 ,$223,  5 ,$230,  23 ,$210,  11 ,$230,  10 ,$218,  15 ,$210,  19 ,$230,  14 ,$220,  17 ,$250,  12 ,$270,  16 ,$270,  19 ,$270,  15 ,$280,  13 ,$290,  13 ,$280,  14 ,$300,  12 ,$290,  13 ,$300,  19 ,$300,  17 ,$300,  23 ,$301,  16 ,$318,  20 ,$310,  16 ,$300,  17 ,$310,  16 ,$310,  23 ,$300,  20 ,$315,  25 ,$300,  13 ,$330,  25 ,$320,  22 ,$313,  14 ,$328,  20 ,$318,  11 ,$320,  16 ,$330,  21 ,$335,  27 ,$340,  17 ,$340,  16 ,$315,  16 ,$315,  15 ,$325
Whittlesea,  123 ,$150,  125 ,$155,  119 ,$155,  120 ,$160,  140 ,$160,  128 ,$160,  110 ,$155,  121 ,$160,  114 ,$165,  119 ,$165,  111 ,$170,  102 ,$165,  119 ,$170,  110 ,$175,  100 ,$175,  109 ,$180,  107 ,$170,  107 ,$175,  87 ,$175,  113 ,$175,  93 ,$175,  114 ,$175,  109 ,$170,  109 ,$185,  104 ,$180,  90 ,$180,  90 ,$185,  114 ,$185,  57 ,$185,  67 ,$195,  68 ,$190,  88 ,$200,  79 ,$195,  79 ,$210,  67 ,$210,  67 ,$215,  64 ,$230,  70 ,$250,  76 ,$250,  88 ,$250,  62 ,$250,  80 ,$255,  64 ,$260,  59 ,$270,  58 ,$260,  83 ,$270,  74 ,$270,  76 ,$280,  84 ,$283,  106 ,$280,  93 ,$275,  133 ,$270,  115 ,$280,  106 ,$280,  105 ,$290,  161 ,$285,  126 ,$287,  150 ,$290,  117 ,$290,  146 ,$290,  143 ,$300,  172 ,$295,  129 ,$295,  176 ,$300,  140 ,$293,  132 ,$300,  161 ,$300
Wyndham,  94 ,$130,  122 ,$140,  115 ,$140,  124 ,$135,  121 ,$140,  111 ,$145,  102 ,$145,  121 ,$145,  112 ,$145,  151 ,$150,  101 ,$150,  113 ,$150,  117 ,$150,  115 ,$155,  106 ,$155,  108 ,$155,  85 ,$155,  118 ,$155,  91 ,$155,  124 ,$155,  105 ,$160,  113 ,$160,  108 ,$165,  128 ,$160,  117 ,$165,  100 ,$160,  104 ,$165,  98 ,$170,  101 ,$175,  95 ,$170,  81 ,$170,  76 ,$175,  86 ,$175,  67 ,$185,  90 ,$185,  112 ,$190,  69 ,$195,  84 ,$210,  78 ,$213,  90 ,$219,  93 ,$220,  90 ,$220,  82 ,$220,  81 ,$220,  102 ,$230,  87 ,$240,  104 ,$240,  93 ,$240,  94 ,$240,  109 ,$250,  97 ,$250,  132 ,$240,  109 ,$240,  122 ,$245,  121 ,$250,  121 ,$250,  136 ,$250,  115 ,$250,  104 ,$260,  111 ,$260,  121 ,$265,  143 ,$270,  160 ,$270,  153 ,$260,  148 ,$265,  146 ,$270,  145 ,$280
Yarra,  216 ,$220,  247 ,$220,  232 ,$230,  292 ,$240,  229 ,$275,  275 ,$255,  247 ,$260,  349 ,$250,  236 ,$275,  230 ,$260,  192 ,$270,  256 ,$255,  197 ,$275,  242 ,$270,  212 ,$270,  333 ,$275,  197 ,$275,  209 ,$280,  194 ,$268,  283 ,$270,  188 ,$275,  207 ,$280,  199 ,$270,  303 ,$275,  224 ,$290,  238 ,$290,  200 ,$300,  256 ,$319,  185 ,$320,  189 ,$310,  163 ,$340,  248 ,$350,  181 ,$345,  189 ,$350,  218 ,$360,  321 ,$395,  241 ,$420,  253 ,$400,  194 ,$400,  291 ,$400,  210 ,$400,  293 ,$410,  232 ,$410,  314 ,$450,  269 ,$440,  287 ,$440,  245 ,$440,  341 ,$450,  267 ,$450,  333 ,$485,  296 ,$460,  442 ,$480,  421 ,$480,  409 ,$490,  333 ,$470,  440 ,$480,  380 ,$495,  461 ,$490,  405 ,$485,  679 ,$450,  409 ,$500,  520 ,$490,  484 ,$480,  594 ,$490,  478 ,$480,  593 ,$500,  544 ,$490
Group Total,"  2,673 ",$155,"  2,848 ",$160,"  2,789 ",$160,"  3,461 ",$170,"  2,624 ",$165,"  2,882 ",$170,"  2,602 ",$170,"  3,507 ",$180,"  2,723 ",$180,"  2,800 ",$180,"  2,512 ",$180,"  3,324 ",$190,"  2,561 ",$180,"  2,746 ",$190,"  2,619 ",$190,"  3,545 ",$200,"  2,605 ",$190,"  2,806 ",$195,"  2,618 ",$200,"  3,680 ",$215,"  2,357 ",$200,"  2,908 ",$200,"  2,634 ",$200,"  3,779 ",$230,"  2,800 ",$215,"  2,958 ",$220,"  2,536 ",$220,"  3,298 ",$240,"  2,317 ",$240,"  2,519 ",$240,"  2,271 ",$240,"  3,143 ",$270,"  2,410 ",$260,"  2,417 ",$270,"  2,717 ",$280,"  3,641 ",$300,"  2,798 ",$320,"  2,959 ",$310,"  2,745 ",$310,"  3,590 ",$340,"  2,811 ",$325,"  3,241 ",$335,"  3,205 ",$330,"  4,184 ",$350,"  3,236 ",$340,"  3,743 ",$350,"  3,591 ",$350,"  4,792 ",$370,"  3,299 ",$350,"  4,005 ",$355,"  3,907 ",$360,"  5,786 ",$380,"  4,224 ",$360,"  4,836 ",$365,"  4,645 ",$360,"  6,449 ",$390,"  4,757 ",$370,"  4,863 ",$375,"  4,734 ",$375,"  7,241 ",$400,"  4,938 ",$370,"  5,826 ",$387,"  5,592 ",$380,"  7,635 ",$410,"  5,528 ",$385,"  6,168 ",$400,"  5,678 ",$390
Boroondara,  529 ,$190,  565 ,$195,  572 ,$200,  673 ,$200,  497 ,$200,  550 ,$201,  557 ,$210,  775 ,$210,  525 ,$220,  529 ,$220,  501 ,$215,  723 ,$220,  471 ,$230,  517 ,$220,  485 ,$230,  699 ,$230,  459 ,$230,  513 ,$230,  429 ,$230,  694 ,$240,  415 ,$235,  492 ,$240,  420 ,$240,  611 ,$240,  443 ,$240,  472 ,$250,  417 ,$250,  486 ,$250,  347 ,$255,  375 ,$263,  368 ,$270,  464 ,$280,  349 ,$290,  349 ,$300,  405 ,$300,  569 ,$315,  408 ,$330,  456 ,$333,  456 ,$350,  563 ,$350,  463 ,$350,  489 ,$350,  506 ,$350,  599 ,$355,  513 ,$360,  544 ,$365,  531 ,$365,  652 ,$370,  533 ,$380,  583 ,$380,  598 ,$380,  728 ,$380,  611 ,$385,  571 ,$380,  610 ,$380,  833 ,$380,  636 ,$380,  637 ,$385,  666 ,$390,  906 ,$385,  627 ,$400,  695 ,$400,  711 ,$385,  866 ,$400,  671 ,$400,  726 ,$400,  687 ,$405
Knox,  144 ,$145,  118 ,$150,  121 ,$150,  132 ,$155,  139 ,$155,  128 ,$165,  125 ,$160,  137 ,$165,  131 ,$160,  152 ,$160,  114 ,$165,  128 ,$165,  114 ,$165,  110 ,$165,  110 ,$169,  106 ,$165,  109 ,$175,  117 ,$170,  112 ,$170,  117 ,$180,  86 ,$180,  110 ,$180,  97 ,$185,  111 ,$190,  119 ,$190,  105 ,$185,  107 ,$190,  95 ,$185,  114 ,$195,  107 ,$200,  97 ,$195,  119 ,$200,  126 ,$220,  99 ,$210,  114 ,$235,  113 ,$230,  88 ,$243,  104 ,$250,  102 ,$250,  107 ,$260,  125 ,$265,  120 ,$260,  97 ,$270,  113 ,$280,  105 ,$280,  126 ,$280,  118 ,$290,  117 ,$300,  95 ,$295,  123 ,$300,  148 ,$290,  156 ,$300,  157 ,$288,  152 ,$300,  126 ,$300,  167 ,$315,  155 ,$320,  144 ,$310,  143 ,$320,  167 ,$320,  128 ,$320,  150 ,$320,  154 ,$330,  161 ,$330,  146 ,$340,  148 ,$340,  162 ,$330
Manningham,  64 ,$178,  74 ,$185,  59 ,$185,  71 ,$190,  69 ,$190,  63 ,$190,  78 ,$200,  91 ,$210,  70 ,$200,  84 ,$200,  81 ,$220,  72 ,$215,  66 ,$215,  77 ,$220,  65 ,$210,  92 ,$220,  64 ,$210,  73 ,$210,  66 ,$220,  76 ,$230,  81 ,$235,  79 ,$220,  68 ,$230,  89 ,$240,  76 ,$240,  76 ,$225,  46 ,$240,  57 ,$240,  47 ,$250,  43 ,$245,  41 ,$240,  63 ,$265,  54 ,$260,  49 ,$280,  55 ,$285,  72 ,$280,  79 ,$310,  73 ,$300,  62 ,$300,  66 ,$300,  68 ,$305,  70 ,$310,  75 ,$320,  76 ,$320,  75 ,$340,  76 ,$335,  69 ,$340,  90 ,$340,  78 ,$350,  79 ,$350,  96 ,$353,  93 ,$350,  123 ,$350,  152 ,$360,  100 ,$360,  130 ,$368,  78 ,$360,  126 ,$370,  116 ,$370,  135 ,$380,  109 ,$375,  112 ,$370,  90 ,$375,  132 ,$390,  115 ,$380,  142 ,$400,  150 ,$400
Maroondah,  213 ,$150,  229 ,$150,  231 ,$150,  225 ,$150,  204 ,$158,  228 ,$155,  212 ,$160,  217 ,$160,  204 ,$160,  220 ,$160,  218 ,$165,  206 ,$165,  189 ,$165,  213 ,$170,  209 ,$165,  212 ,$170,  199 ,$170,  212 ,$175,  179 ,$175,  227 ,$175,  198 ,$175,  218 ,$180,  195 ,$180,  209 ,$180,  212 ,$180,  212 ,$185,  179 ,$190,  159 ,$195,  122 ,$190,  154 ,$200,  145 ,$200,  172 ,$203,  152 ,$210,  150 ,$220,  160 ,$230,  197 ,$240,  174 ,$250,  182 ,$250,  213 ,$250,  171 ,$250,  184 ,$265,  186 ,$270,  180 ,$270,  196 ,$270,  186 ,$280,  207 ,$290,  184 ,$290,  217 ,$290,  156 ,$300,  229 ,$300,  187 ,$300,  231 ,$300,  212 ,$310,  248 ,$300,  225 ,$300,  238 ,$300,  234 ,$303,  263 ,$310,  224 ,$310,  210 ,$311,  228 ,$320,  250 ,$320,  244 ,$320,  228 ,$320,  251 ,$320,  282 ,$330,  245 ,$330
Monash,  251 ,$168,  256 ,$165,  262 ,$170,  352 ,$170,  194 ,$175,  261 ,$175,  264 ,$175,  342 ,$175,  223 ,$180,  246 ,$180,  239 ,$185,  317 ,$185,  219 ,$190,  257 ,$190,  226 ,$190,  302 ,$190,  219 ,$195,  262 ,$200,  230 ,$200,  339 ,$200,  172 ,$210,  214 ,$195,  230 ,$200,  305 ,$210,  222 ,$215,  248 ,$210,  200 ,$220,  292 ,$220,  162 ,$230,  170 ,$230,  214 ,$240,  264 ,$240,  158 ,$255,  177 ,$260,  216 ,$260,  316 ,$278,  231 ,$290,  227 ,$300,  209 ,$300,  308 ,$310,  225 ,$300,  232 ,$310,  239 ,$310,  353 ,$320,  266 ,$320,  258 ,$325,  257 ,$330,  372 ,$335,  217 ,$330,  296 ,$340,  267 ,$340,  346 ,$350,  264 ,$340,  272 ,$345,  284 ,$340,  428 ,$350,  291 ,$350,  336 ,$350,  291 ,$350,  430 ,$355,  287 ,$360,  328 ,$360,  324 ,$360,  476 ,$360,  328 ,$360,  326 ,$360,  347 ,$370
Whitehorse,  308 ,$165,  289 ,$165,  302 ,$170,  356 ,$170,  268 ,$170,  282 ,$175,  260 ,$170,  342 ,$175,  263 ,$180,  271 ,$180,  263 ,$185,  308 ,$185,  246 ,$190,  288 ,$195,  255 ,$190,  320 ,$190,  254 ,$195,  252 ,$200,  254 ,$200,  301 ,$200,  213 ,$200,  242 ,$200,  236 ,$200,  292 ,$210,  240 ,$210,  259 ,$210,  229 ,$210,  219 ,$210,  188 ,$220,  213 ,$230,  195 ,$225,  239 ,$240,  212 ,$250,  209 ,$250,  241 ,$265,  305 ,$275,  195 ,$290,  233 ,$290,  219 ,$290,  305 ,$300,  282 ,$300,  260 ,$300,  255 ,$310,  295 ,$320,  275 ,$320,  281 ,$320,  332 ,$320,  340 ,$340,  261 ,$330,  318 ,$340,  310 ,$340,  450 ,$345,  307 ,$350,  303 ,$345,  314 ,$340,  443 ,$350,  357 ,$350,  315 ,$350,  339 ,$355,  544 ,$365,  379 ,$351,  399 ,$355,  374 ,$370,  452 ,$370,  430 ,$370,  415 ,$370,  412 ,$380
Yarra Ranges,  78 ,$135,  45 ,$130,  68 ,$135,  74 ,$140,  75 ,$145,  78 ,$140,  80 ,$140,  61 ,$145,  56 ,$145,  63 ,$155,  63 ,$150,  52 ,$150,  61 ,$155,  78 ,$150,  62 ,$160,  80 ,$158,  65 ,$160,  65 ,$160,  77 ,$170,  65 ,$165,  67 ,$170,  66 ,$165,  56 ,$175,  63 ,$170,  54 ,$170,  67 ,$175,  52 ,$180,  52 ,$175,  50 ,$180,  54 ,$180,  62 ,$190,  52 ,$200,  53 ,$190,  61 ,$210,  62 ,$223,  75 ,$225,  71 ,$230,  62 ,$235,  53 ,$240,  67 ,$240,  58 ,$245,  64 ,$245,  63 ,$260,  71 ,$265,  71 ,$260,  60 ,$260,  61 ,$275,  52 ,$280,  63 ,$280,  66 ,$275,  74 ,$290,  64 ,$283,  80 ,$280,  79 ,$275,  74 ,$285,  67 ,$295,  66 ,$295,  65 ,$280,  102 ,$300,  87 ,$299,  72 ,$300,  85 ,$295,  59 ,$320,  71 ,$320,  80 ,$315,  80 ,$320,  98 ,$310
Group Total,"  1,587 ",$170,"  1,576 ",$170,"  1,615 ",$175,"  1,883 ",$175,"  1,446 ",$180,"  1,590 ",$180,"  1,576 ",$180,"  1,965 ",$185,"  1,472 ",$190,"  1,565 ",$190,"  1,479 ",$190,"  1,806 ",$195,"  1,366 ",$195,"  1,540 ",$195,"  1,412 ",$195,"  1,811 ",$200,"  1,369 ",$200,"  1,494 ",$200,"  1,347 ",$200,"  1,819 ",$210,"  1,232 ",$200,"  1,421 ",$200,"  1,302 ",$210,"  1,680 ",$215,"  1,366 ",$215,"  1,439 ",$220,"  1,230 ",$220,"  1,360 ",$220,"  1,030 ",$230,"  1,116 ",$230,"  1,122 ",$235,"  1,373 ",$250,"  1,104 ",$250,"  1,094 ",$260,"  1,253 ",$265,"  1,647 ",$280,"  1,246 ",$290,"  1,337 ",$295,"  1,314 ",$300,"  1,587 ",$310,"  1,405 ",$300,"  1,421 ",$310,"  1,415 ",$315,"  1,703 ",$320,"  1,491 ",$325,"  1,552 ",$330,"  1,552 ",$330,"  1,840 ",$340,"  1,403 ",$345,"  1,694 ",$340,"  1,680 ",$340,"  2,068 ",$350,"  1,754 ",$350,"  1,777 ",$340,"  1,733 ",$350,"  2,306 ",$350,"  1,817 ",$350,"  1,886 ",$350,"  1,881 ",$350,"  2,479 ",$360,"  1,830 ",$359,"  2,019 ",$360,"  1,956 ",$360,"  2,386 ",$370,"  2,021 ",$370,"  2,119 ",$370,"  2,101 ",$370
Bayside,  149 ,$200,  140 ,$200,  162 ,$205,  138 ,$200,  128 ,$220,  168 ,$220,  153 ,$218,  163 ,$210,  168 ,$229,  155 ,$230,  148 ,$215,  155 ,$226,  141 ,$230,  151 ,$225,  121 ,$230,  168 ,$223,  153 ,$225,  161 ,$235,  140 ,$240,  161 ,$245,  128 ,$240,  159 ,$240,  165 ,$250,  193 ,$255,  152 ,$250,  152 ,$263,  168 ,$250,  131 ,$270,  87 ,$280,  103 ,$270,  95 ,$285,  141 ,$300,  129 ,$300,  119 ,$300,  157 ,$325,  182 ,$340,  164 ,$350,  160 ,$350,  148 ,$360,  157 ,$360,  140 ,$360,  173 ,$355,  139 ,$375,  154 ,$380,  166 ,$380,  168 ,$375,  164 ,$400,  183 ,$400,  139 ,$400,  196 ,$400,  174 ,$400,  198 ,$400,  177 ,$410,  220 ,$410,  224 ,$395,  251 ,$400,  203 ,$400,  210 ,$400,  248 ,$400,  316 ,$438,  260 ,$410,  264 ,$430,  262 ,$420,  288 ,$428,  270 ,$400,  250 ,$423,  242 ,$435
Cardinia,  27 ,$135,  37 ,$150,  27 ,$140,  27 ,$140,  35 ,$145,  27 ,$140,  31 ,$145,  32 ,$155,  25 ,$145,  30 ,$145,  30 ,$150,  34 ,$150,  29 ,$150,  35 ,$145,  17 ,$155,  33 ,$155,  32 ,$152,  44 ,$160,  29 ,$155,  39 ,$155,  26 ,$165,  36 ,$165,  37 ,$160,  30 ,$165,  38 ,$165,  29 ,$170,  21 ,$170,  36 ,$165,  30 ,$168,  22 ,$175,  24 ,$180,  29 ,$180,  29 ,$180,  30 ,$183,  24 ,$190,  31 ,$200,  33 ,$200,  44 ,$200,  23 ,$200,  34 ,$218,  36 ,$220,  32 ,$220,  38 ,$225,  40 ,$240,  29 ,$235,  38 ,$230,  43 ,$240,  26 ,$250,  43 ,$260,  43 ,$260,  42 ,$258,  58 ,$250,  50 ,$250,  54 ,$255,  51 ,$260,  70 ,$250,  69 ,$255,  61 ,$260,  52 ,$260,  49 ,$260,  56 ,$265,  43 ,$260,  40 ,$260,  77 ,$270,  71 ,$270,  45 ,$270,  42 ,$270
Casey,  145 ,$145,  161 ,$145,  156 ,$145,  128 ,$150,  145 ,$150,  170 ,$153,  140 ,$155,  151 ,$160,  140 ,$155,  121 ,$155,  148 ,$156,  143 ,$160,  148 ,$160,  119 ,$160,  141 ,$160,  114 ,$160,  132 ,$160,  138 ,$160,  112 ,$160,  115 ,$165,  89 ,$165,  113 ,$170,  103 ,$165,  116 ,$165,  113 ,$170,  93 ,$170,  112 ,$178,  82 ,$175,  73 ,$175,  88 ,$180,  57 ,$185,  99 ,$185,  84 ,$190,  80 ,$195,  89 ,$205,  105 ,$200,  107 ,$215,  74 ,$220,  107 ,$220,  88 ,$230,  90 ,$230,  114 ,$245,  92 ,$250,  97 ,$245,  81 ,$260,  100 ,$260,  103 ,$260,  95 ,$260,  83 ,$270,  118 ,$270,  112 ,$280,  105 ,$270,  114 ,$280,  107 ,$280,  128 ,$275,  116 ,$280,  115 ,$290,  111 ,$290,  121 ,$285,  133 ,$290,  110 ,$295,  147 ,$290,  131 ,$290,  122 ,$295,  109 ,$295,  128 ,$300,  132 ,$300
Frankston,  183 ,$130,  218 ,$130,  221 ,$135,  265 ,$130,  241 ,$140,  269 ,$135,  213 ,$135,  225 ,$140,  244 ,$140,  257 ,$140,  194 ,$140,  215 ,$145,  211 ,$145,  214 ,$150,  200 ,$145,  195 ,$155,  175 ,$150,  170 ,$150,  148 ,$160,  160 ,$150,  161 ,$160,  203 ,$160,  190 ,$160,  171 ,$160,  164 ,$160,  201 ,$165,  189 ,$170,  205 ,$170,  167 ,$170,  164 ,$175,  158 ,$175,  162 ,$175,  188 ,$185,  160 ,$190,  180 ,$190,  228 ,$191,  216 ,$210,  181 ,$220,  216 ,$223,  181 ,$220,  196 ,$230,  219 ,$230,  228 ,$240,  217 ,$240,  217 ,$250,  252 ,$250,  220 ,$260,  228 ,$260,  212 ,$270,  253 ,$265,  241 ,$260,  283 ,$265,  223 ,$265,  277 ,$270,  261 ,$260,  276 ,$265,  270 ,$270,  246 ,$260,  283 ,$275,  255 ,$270,  278 ,$275,  273 ,$275,  270 ,$280,  235 ,$280,  271 ,$280,  247 ,$280,  229 ,$290
Glen Eira,  395 ,$174,  456 ,$175,  442 ,$175,  510 ,$180,  421 ,$185,  414 ,$185,  396 ,$185,  535 ,$190,  385 ,$195,  413 ,$195,  420 ,$200,  530 ,$200,  371 ,$200,  365 ,$205,  415 ,$200,  540 ,$210,  388 ,$218,  406 ,$217,  365 ,$210,  602 ,$220,  367 ,$230,  427 ,$220,  398 ,$220,  471 ,$225,  362 ,$235,  386 ,$229,  348 ,$230,  413 ,$235,  365 ,$240,  350 ,$240,  347 ,$250,  461 ,$265,  325 ,$285,  398 ,$295,  403 ,$295,  524 ,$300,  462 ,$320,  409 ,$330,  424 ,$321,  501 ,$335,  431 ,$330,  526 ,$334,  498 ,$340,  599 ,$350,  471 ,$350,  552 ,$350,  525 ,$360,  654 ,$360,  502 ,$365,  566 ,$370,  540 ,$370,  687 ,$375,  579 ,$370,  656 ,$360,  685 ,$365,  767 ,$380,  595 ,$380,  611 ,$370,  700 ,$370,  842 ,$380,  662 ,$380,  754 ,$382,  757 ,$380,  811 ,$390,  692 ,$385,  736 ,$399,  697 ,$390
Greater Dandenong,  457 ,$125,  440 ,$125,  480 ,$125,  469 ,$125,  404 ,$130,  398 ,$130,  399 ,$130,  452 ,$130,  379 ,$135,  387 ,$130,  401 ,$135,  385 ,$135,  332 ,$135,  374 ,$135,  317 ,$140,  358 ,$140,  311 ,$140,  340 ,$140,  322 ,$145,  336 ,$145,  242 ,$145,  288 ,$145,  298 ,$150,  328 ,$150,  309 ,$150,  296 ,$153,  264 ,$155,  263 ,$160,  251 ,$160,  208 ,$160,  237 ,$165,  261 ,$170,  293 ,$175,  243 ,$180,  209 ,$185,  310 ,$198,  277 ,$210,  247 ,$220,  283 ,$220,  305 ,$230,  288 ,$230,  322 ,$235,  337 ,$240,  291 ,$250,  289 ,$258,  334 ,$250,  293 ,$255,  371 ,$260,  330 ,$260,  339 ,$265,  316 ,$260,  413 ,$265,  365 ,$270,  421 ,$260,  414 ,$265,  423 ,$270,  414 ,$270,  428 ,$270,  403 ,$280,  413 ,$277,  434 ,$280,  433 ,$285,  416 ,$280,  453 ,$285,  523 ,$284,  468 ,$290,  477 ,$300
Kingston,  359 ,$145,  419 ,$150,  390 ,$150,  377 ,$150,  337 ,$155,  396 ,$150,  379 ,$160,  380 ,$165,  347 ,$165,  393 ,$165,  343 ,$170,  407 ,$170,  354 ,$175,  374 ,$170,  325 ,$175,  387 ,$180,  322 ,$180,  360 ,$185,  364 ,$185,  351 ,$185,  314 ,$185,  343 ,$185,  326 ,$190,  353 ,$190,  333 ,$195,  360 ,$200,  299 ,$200,  279 ,$200,  247 ,$205,  264 ,$200,  248 ,$218,  281 ,$215,  262 ,$230,  302 ,$235,  297 ,$250,  327 ,$250,  287 ,$260,  335 ,$265,  284 ,$273,  317 ,$270,  333 ,$280,  345 ,$280,  309 ,$290,  324 ,$290,  325 ,$295,  337 ,$300,  344 ,$300,  341 ,$310,  349 ,$310,  423 ,$320,  382 ,$310,  447 ,$320,  431 ,$320,  501 ,$325,  430 ,$325,  468 ,$325,  442 ,$330,  401 ,$330,  436 ,$330,  483 ,$340,  437 ,$340,  468 ,$340,  443 ,$340,  481 ,$345,  472 ,$345,  489 ,$350,  421 ,$360
Mornington Penin'a,  198 ,$120,  163 ,$125,  161 ,$130,  182 ,$125,  149 ,$130,  176 ,$130,  141 ,$140,  156 ,$135,  155 ,$140,  145 ,$135,  153 ,$140,  136 ,$145,  134 ,$145,  157 ,$145,  147 ,$150,  131 ,$150,  127 ,$150,  136 ,$155,  135 ,$160,  134 ,$155,  120 ,$155,  148 ,$160,  135 ,$155,  135 ,$160,  125 ,$160,  131 ,$165,  139 ,$160,  103 ,$165,  126 ,$170,  121 ,$180,  110 ,$175,  135 ,$180,  99 ,$175,  123 ,$190,  120 ,$188,  118 ,$210,  137 ,$220,  147 ,$210,  128 ,$230,  122 ,$230,  143 ,$240,  166 ,$238,  128 ,$240,  139 ,$250,  134 ,$248,  154 ,$250,  134 ,$263,  120 ,$270,  145 ,$270,  150 ,$270,  158 ,$265,  154 ,$280,  158 ,$280,  168 ,$270,  181 ,$270,  171 ,$275,  174 ,$270,  148 ,$270,  183 ,$275,  147 ,$285,  155 ,$285,  165 ,$275,  166 ,$280,  146 ,$285,  159 ,$290,  160 ,$290,  142 ,$290
Port Phillip,  759 ,$220,  793 ,$225,  796 ,$230,  920 ,$230,  720 ,$240,  832 ,$235,  821 ,$250,  963 ,$250,  752 ,$252,  846 ,$250,  786 ,$255,  921 ,$250,  763 ,$260,  818 ,$265,  768 ,$270,  918 ,$260,  738 ,$275,  770 ,$270,  706 ,$280,  942 ,$270,  684 ,$280,  873 ,$280,  787 ,$295,  841 ,$285,  727 ,$290,  839 ,$290,  661 ,$300,  691 ,$290,  494 ,$320,  735 ,$320,  596 ,$325,  692 ,$340,  610 ,$350,  599 ,$350,  710 ,$365,  889 ,$370,  663 ,$380,  848 ,$381,  701 ,$380,  739 ,$385,  629 ,$395,  716 ,$400,  625 ,$399,  759 ,$400,  734 ,$420,  806 ,$410,  661 ,$415,  731 ,$445,  653 ,$430,  757 ,$430,  676 ,$420,  870 ,$450,  748 ,$450,  913 ,$445,  839 ,$450,  990 ,$450,  855 ,$450,  966 ,$450,  965 ,$450,"  1,050 ",$450,  857 ,$450,  977 ,$450,"  1,010 ",$450,  933 ,$470,  982 ,$450,  954 ,$460,  797 ,$465
Stonnington,  511 ,$210,  534 ,$210,  523 ,$220,  761 ,$220,  474 ,$233,  596 ,$230,  513 ,$230,  726 ,$240,  539 ,$250,  545 ,$240,  553 ,$245,  779 ,$250,  487 ,$255,  578 ,$250,  462 ,$250,  740 ,$250,  471 ,$250,  567 ,$250,  487 ,$250,  718 ,$251,  385 ,$255,  527 ,$250,  452 ,$255,  654 ,$257,  436 ,$260,  487 ,$260,  419 ,$265,  560 ,$270,  266 ,$290,  419 ,$280,  390 ,$290,  450 ,$300,  374 ,$310,  383 ,$320,  498 ,$325,  682 ,$350,  507 ,$365,  483 ,$360,  500 ,$360,  571 ,$370,  418 ,$380,  571 ,$385,  531 ,$385,  645 ,$390,  536 ,$400,  649 ,$400,  558 ,$400,  677 ,$415,  522 ,$420,  559 ,$430,  586 ,$425,  771 ,$430,  705 ,$460,  748 ,$440,  649 ,$440,  958 ,$430,  762 ,$440,  803 ,$450,  812 ,$443,"  1,062 ",$440,  777 ,$450,  759 ,$450,  857 ,$450,  973 ,$450,  767 ,$450,  937 ,$480,  821 ,$460
Group Total,"  3,183 ",$165,"  3,361 ",$170,"  3,358 ",$170,"  3,777 ",$175,"  3,054 ",$175,"  3,446 ",$180,"  3,186 ",$180,"  3,783 ",$190,"  3,134 ",$190,"  3,292 ",$190,"  3,176 ",$190,"  3,705 ",$200,"  2,970 ",$200,"  3,185 ",$200,"  2,913 ",$200,"  3,584 ",$210,"  2,849 ",$208,"  3,092 ",$210,"  2,808 ",$205,"  3,558 ",$220,"  2,516 ",$220,"  3,117 ",$220,"  2,891 ",$215,"  3,292 ",$225,"  2,759 ",$220,"  2,974 ",$225,"  2,620 ",$225,"  2,763 ",$230,"  2,106 ",$230,"  2,474 ",$245,"  2,262 ",$250,"  2,711 ",$260,"  2,393 ",$265,"  2,437 ",$275,"  2,687 ",$290,"  3,396 ",$300,"  2,853 ",$300,"  2,928 ",$320,"  2,814 ",$320,"  3,015 ",$325,"  2,704 ",$320,"  3,184 ",$320,"  2,925 ",$330,"  3,265 ",$340,"  2,982 ",$345,"  3,390 ",$350,"  3,045 ",$350,"  3,426 ",$360,"  2,978 ",$350,"  3,404 ",$350,"  3,227 ",$350,"  3,986 ",$360,"  3,550 ",$365,"  4,065 ",$360,"  3,862 ",$360,"  4,490 ",$375,"  3,899 ",$365,"  3,985 ",$370,"  4,203 ",$370,"  4,750 ",$380,"  4,026 ",$365,"  4,283 ",$370,"  4,352 ",$375,"  4,519 ",$385,"  4,316 ",$375,"  4,414 ",$390,"  4,000 ",$381
,"  9,536 ",$150,"  9,849 ",$150,"  9,911 ",$150,"  11,771 ",$160,"  9,078 ",$160,"  10,052 ",$160,"  9,389 ",$160,"  11,597 ",$170,"  9,229 ",$170,"  9,596 ",$170,"  9,048 ",$170,"  11,018 ",$180,"  8,667 ",$176,"  9,276 ",$180,"  8,627 ",$180,"  10,974 ",$190,"  8,545 ",$185,"  9,179 ",$185,"  8,536 ",$185,"  11,025 ",$200,"  7,650 ",$190,"  9,219 ",$190,"  8,631 ",$192,"  10,691 ",$205,"  8,553 ",$200,"  9,086 ",$200,"  7,931 ",$200,"  9,175 ",$215,"  6,822 ",$210,"  7,515 ",$220,"  7,042 ",$220,"  8,974 ",$235,"  7,367 ",$235,"  7,399 ",$250,"  8,324 ",$250,"  10,871 ",$270,"  8,664 ",$280,"  8,944 ",$280,"  8,646 ",$280,"  10,165 ",$300,"  8,639 ",$290,"  9,591 ",$300,"  9,207 ",$300,"  11,150 ",$315,"  9,303 ",$315,"  10,386 ",$320,"  9,983 ",$320,"  11,928 ",$340,"  9,374 ",$325,"  10,851 ",$330,"  10,513 ",$330,"  13,977 ",$350,"  11,357 ",$340,"  12,534 ",$340,"  12,052 ",$340,"  15,361 ",$350,"  12,314 ",$340,"  12,506 ",$350,"  12,680 ",$350,"  16,651 ",$360,"  12,752 ",$345,"  14,011 ",$355,"  13,795 ",$350,"  16,545 ",$370,"  13,799 ",$355,"  14,694 ",$370,"  13,605 ",$360